x,y,z,Thickness_r1_1,r1P2_1,r1P3_1,Distance_r1_1,Thickness_r1_2,r1P2_2,r1P3_2,Distance_r1_2,Thickness_r1_3,r1P2_3,r1P3_3,Distance_r1_3,Thickness_r1_4,r1P2_4,r1P3_4,Distance_r1_4,Thickness_r1_5,r1P2_5,r1P3_5,Distance_r1_5,Thickness_r1_6,r1P2_6,r1P3_6,Distance_r1_6,Thickness_r1_7,r1P2_7,r1P3_7,Distance_r1_7,Thickness_r1_8,r1P2_8,r1P3_8,Distance_r1_8,Thickness_r1_9,r1P2_9,r1P3_9,Distance_r1_9,Thickness_r1_10,r1P2_10,r1P3_10,Distance_r1_10,Thickness_r2_1,r2P2_1,r2P3_1,Distance_r2_1,Thickness_r2_2,r2P2_2,r2P3_2,Distance_r2_2,Thickness_r2_3,r2P2_3,r2P3_3,Distance_r2_3,Thickness_r2_4,r2P2_4,r2P3_4,Distance_r2_4,Thickness_r2_5,r2P2_5,r2P3_5,Distance_r2_5,Thickness_r2_6,r2P2_6,r2P3_6,Distance_r2_6,Thickness_r2_7,r2P2_7,r2P3_7,Distance_r2_7,Thickness_r2_8,r2P2_8,r2P3_8,Distance_r2_8,Thickness_r2_9,r2P2_9,r2P3_9,Distance_r2_9,Thickness_r2_10,r2P2_10,r2P3_10,Distance_r2_10,A3MS
976.7,-83.65,610.27,0.810687975,0.4,0.4,1.616275593,11.85658404,70,0.3,1.913717266,9.717898693,24,0.136,2.478006495,43.7699716,3.1,0.32,3.386921998,37.19699122,44.8,0.35,2.646000005,37.1525215,,,,,,,,,,,,,,,,,,,,0.836809882,0.4,0.4,0.955874731,4.095851845,44.8,0.35,0.865231863,0.353631576,44.8,0.35,0.098436125,6.399147015,70,0.3,4.86533661,11.47480032,24,0.136,2.863350628,30.64471952,3.1,0.32,2.978127067,39.17334357,1.15,0.43,0,2.489147351,1.15,0.43,0,10.75275648,44.8,0.35,0.592383724,9.338242336,44.8,0.35,10.20909109,77.1882
992.44,-87.38,591.95,0.654164581,0.4,0.4,1.89E-12,0.88238448,44.8,0.35,1.173170275,5.615173965,44.8,0.35,5.76558041,3.509483728,70,0.3,15.34145744,2.005419309,24,0.136,24.00572755,4.117386173,3.1,0.32,50.18002862,2.646000003,44.8,0.35,,,,,,,,,,,,,,0.68303653,0.4,0.4,2.05E-12,0.921329052,44.8,0.35,1.224948853,5.863003058,44.8,0.35,6.020047782,3.140894495,70,0.3,31.19955199,2.617412079,3.1,0.32,115.1097989,0,1.15,0.43,4.199853933,0,1.15,0.43,16.5794738,26.65011235,,,,,,,,,,,,92.3488
1007.95,-93.41,572.35,0.671832149,0.4,0.4,1.84E-12,0.908587822,44.8,0.35,1.208008809,5.781922506,44.8,0.35,5.93679543,3.097458485,70,0.3,30.76808762,2.581215404,3.1,0.32,66.26101609,2.646000001,44.8,0.35,,,,,,,,,,,,,,,,,,0.687840761,0.4,0.4,1.96E-12,0.930237917,44.8,0.35,1.236793594,5.9796566,44.8,0.35,6.018298347,3.171265625,70,0.3,16.87793368,1.743395301,24,0.136,12.87990957,2.642721354,3.1,0.32,172.7946676,27.87005081,,,,,,,,,,,,,,,,83.6234
1019.24,-92.78,558.19,0.700178798,0.4,0.4,1.91E-12,0.944612414,44.8,0.35,1.255905142,6.064893596,44.8,0.35,6.118459702,3.220269594,70,0.3,16.96008653,2.146846426,24,0.136,12.88107835,2.683557995,3.1,0.32,69.80872553,2.646000001,44.8,0.35,,,,,,,,,,,,,,0.694667604,0.4,0.4,1.96E-12,0.937177253,44.8,0.35,1.246019756,6.017105053,44.8,0.35,6.070351558,3.194922452,70,0.3,16.91188761,2.699338071,24,0.136,4.522344895,8.422098949,24,0.136,4.611928332,2.662435377,3.1,0.32,196.3620061,11.7063935,,,,,,,,,,,,88.7177
1028.79,-94.53,546.15,0.720871191,0.4,0.4,1.87E-12,0.985209402,44.8,0.35,1.309880682,6.269514374,44.8,0.35,6.437447794,3.358668414,70,0.3,33.36277292,2.798890345,3.1,0.32,60.21342095,0,1.15,0.43,2.574577811,0,1.15,0.43,10.9844907,2.646,44.8,0.35,,,,,,,,,,0.690286189,0.4,0.4,1.94E-12,0.943409102,44.8,0.35,1.254305284,6.00351247,44.8,0.35,6.16432084,3.230548291,70,0.3,32.04008747,2.144111596,24,0.136,3.310439642,4.617431225,3.1,0.32,169.3407597,0.130884884,1.15,0.43,3.687487754,0.170955824,1.15,0.43,8.867856283,6.559560247,1.15,0.43,,,,,,90.1984
1049.75,-87.36,518.94,1.100156165,44.8,0.35,1.469104604,7.03161178,44.8,0.35,7.219958524,3.766934882,70,0.3,33.05997793,2.492529455,24,0.136,7.292654161,2.565100621,3.1,0.32,68.23766356,0,1.15,0.43,2.504227378,0,1.15,0.43,6.055799669,4,44.8,0.35,0,2.646,44.8,0.35,,,,,,0.954241016,44.8,0.35,1.274255342,5.957415999,44.8,0.35,9.736755083,7.126531498,70,0.3,25.3722879,2.178214259,24,0.136,3.267321389,2.722767824,3.1,0.32,165.3977336,3.250283526,,,63.81120101,3.019707623,3.45,0.3,15.60403436,3.861495229,3.45,0.3,,,,,,,,,,73.656
1050.93,-94.82,518.36,0.821946567,0.4,0.4,2.28E-12,1.107962144,44.8,0.35,1.473086033,7.050668191,44.8,0.35,7.239525375,3.777143674,70,0.3,33.83465182,2.329019445,24,0.136,6.980860257,2.589690178,3.1,0.32,68.20556292,0,1.15,0.43,2.503725814,0,1.15,0.43,6.04917844,4,44.8,0.35,0,2.646,44.8,0.35,,0.711436936,0.4,0.4,2.03E-12,0.958998096,44.8,0.35,1.27503156,5.961044986,44.8,0.35,8.540945552,3.951439675,70,0.3,29.76891725,2.179541128,24,0.136,3.269311692,2.72442641,3.1,0.32,164.3545344,3.490654114,,,58.08754357,0.512421317,3.45,0.3,0,4.800999969,3.45,0.3,21.02841622,2.419551445,3.45,0.3,,75.9187
1069.83,-94.55,494.63,0.913372354,0.4,0.4,2.52E-12,1.237292903,44.8,0.35,1.645037156,7.030073314,44.8,0.35,0.224967511,0.703370746,44.8,0.35,0.167136947,0.140976566,44.8,0.35,2.953471925,0.098421026,44.8,0.35,4.639848387,4.218043988,70,0.3,7.022624141,8.122699894,70,0.3,26.89451438,2.812029326,24,0.136,4.218043988,3.515036657,3.1,0.32,78.87026621,0.718761871,0.4,0.4,2.03E-12,0.973665295,44.8,0.35,1.294532267,5.532189177,44.8,0.35,0.177034118,0.55064501,44.8,0.35,2.569505622,0.077450648,44.8,0.35,3.651244857,3.319313506,70,0.3,33.08249128,2.212875671,24,0.136,3.319313506,5.685573569,3.1,0.32,20.26370251,2.32E-12,1.15,0.43,2.979329494,4.71E-13,1.15,0.43,97.73422115,68.7951
1080.73,-98.35,480.87,0.977658511,0.4,0.4,2.77E-12,1.319988922,44.8,0.35,1.754985272,7.499937059,44.8,0.35,0.240003496,0.824993076,44.8,0.35,3.404965915,0.104999119,44.8,0.35,4.949958459,4.499962235,70,0.3,44.29379393,3.172521319,24,0.136,7.798858511,3.03712875,3.1,0.32,59.66733416,0,1.15,0.43,18.88990227,7.117056558,1.15,0.43,11.05683084,0.727892839,0.4,0.4,2.08E-12,0.982766961,44.8,0.35,1.306633347,5.58390319,44.8,0.35,0.178689004,0.552694394,44.8,0.35,2.596622903,0.078174645,44.8,0.35,3.685376106,3.350341914,70,0.3,29.73739831,2.044629513,24,0.136,10.06171679,2.780604495,3.1,0.32,103.466861,12.20314898,3.45,0.3,1.71E-13,24.45308558,3.45,0.3,1.47E-12,66.4606
1106.6,-93.78,448.48,0.957696419,70,0.3,0.173905361,0,70,0.3,8.834821751,0.305628572,44.8,0.35,0.298293487,0.916885717,44.8,0.35,0.122251429,2.56502115,44.8,0.35,0.365207647,0.347810723,44.8,0.35,0.073817544,0.109919534,44.8,0.35,10.12660104,4.454220679,70,0.3,51.99770306,3.478107228,24,0.136,5.217160842,4.347634035,3.1,0.32,105.9945587,0.629549499,70,0.3,0.114318098,5.68E-14,0.4,0.4,10.35660361,3.778113699,24,0.136,5.992511178,4.424914409,2.4,0,21.74352818,8.162289284,3.1,0.32,12.693631,0.312907436,3.6,0.4,1.533873336,0.316122446,3.6,0.4,5.940093159,0.643832434,3.6,0.4,11.87590756,2.757290215,3.6,0.4,8.431597381,3.570437712,0.0239,0.4,12.21539809,61.215
1113.31,-96.56,440,0.996036585,70,0.3,0.180508061,1.62E-06,0.4,0.4,0,1.985604917,0.4,0.4,0,3.068664654,0.4,0.4,19.13402818,5.415290542,70,0.3,53.97239574,3.610193695,24,0.136,5.415290542,4.512742119,3.1,0.32,84.22483673,0.997972828,1.15,0.43,28.15651914,0.11956514,1.15,0.43,10.27882177,2.646000001,44.8,0.35,,0.634886196,70,0.3,0.115058095,1.04E-06,0.4,0.4,0,1.265649433,0.4,0.4,0,1.956005276,0.4,0.4,1.150592386,0.477097411,24,0.136,9.600680961,2.102669873,2.4,0,9.53E-13,2.002554112,2.4,0,33.38800884,8.980236262,3.1,0.32,17.6702932,2.749244698,3.6,0.4,7.88091243,3.884126901,0.0239,0.4,1.886872491,59.4127
1092.9,-97.59,465.6,1.044157055,0.4,0.4,2.81E-12,1.416808954,44.8,0.35,1.883711904,8.050050873,44.8,0.35,0.257607542,0.80546668,44.8,0.35,3.734756099,0.112700712,44.8,0.35,5.313033576,4.830030524,70,0.3,48.00964557,3.252206283,24,0.136,7.917247227,4.06645738,3.1,0.32,66.93409895,0,1.15,0.43,26.82855717,0.332752543,1.15,0.43,10.7668136,0.732110194,0.4,0.4,2.03E-12,0.993394885,44.8,0.35,1.320763655,6.095832252,44.8,0.35,0.526578901,0.1175985,44.8,0.35,6.072526654,3.64480897,70,0.3,15.70243886,2.059707753,24,0.136,15.31789958,2.616932063,3.1,0.32,46.13532994,2.794712524,3.1,0.32,7.495401511,2.795677424,3.6,0.4,9.083299073,2.19941485,3.6,0.4,16.57944965,58.486
1001.05,-75.82,581.37,0.658393517,0.4,0.4,2.03E-12,0.893105223,44.8,0.35,1.18742399,5.683396874,44.8,0.35,5.835630719,3.044676897,70,0.3,16.03529832,2.029784631,24,0.136,13.45451413,4.752941145,3.1,0.32,61.47583746,2.646000003,44.8,0.35,,,,,,,,,,,,,,0.682670916,0.4,0.4,2.05E-12,0.926037309,44.8,0.35,1.231208695,5.892964696,44.8,0.35,6.050811965,3.156945373,70,0.3,15.58759823,3.143611014,24,0.136,12.62778146,2.630787811,3.1,0.32,132.6052476,0,1.15,0.43,4.293127082,0,1.15,0.43,18.93602805,27.29493703,,,,,,,,84.6581
1031.8,-76.52,542.74,0.731244098,0.4,0.4,2.07E-12,0.99841156,44.8,0.35,1.327433551,6.353528109,44.8,0.35,6.523711898,3.403675773,70,0.3,17.92602574,2.269117208,24,0.136,13.61470307,2.836396477,3.1,0.32,61.98771671,0,1.15,0.43,2.559279819,0,1.15,0.43,10.78255188,2.646,44.8,0.35,,,,,,0.69229458,0.4,0.4,2.05E-12,0.945231439,44.8,0.35,1.256728164,6.015109159,44.8,0.35,6.176228154,3.222379907,70,0.3,31.57932308,2.148253271,24,0.136,6.123381794,2.676676647,3.1,0.32,177.420176,3.11E-11,1.15,0.43,6.601573678,0.208389292,1.15,0.43,,,,,,,,,,88.8027
1045.35,-73.93,525.79,0.792625674,0.4,0.4,2.29E-12,1.071781166,44.8,0.35,1.424981777,6.820425601,44.8,0.35,7.003115573,3.653799429,70,0.3,19.11471218,3.782430913,24,0.136,15.62001184,2.500398535,3.1,0.32,68.23889876,0,1.15,0.43,2.512569764,0,1.15,0.43,10.16592832,2.646,44.8,0.35,,,,,,0.706013268,0.4,0.4,2.05E-12,0.954664664,44.8,0.35,1.269270065,6.075138771,44.8,0.35,6.237865703,3.254538627,70,0.3,32.43690165,2.169692418,24,0.136,3.254538627,2.712115523,3.1,0.32,175.5048277,6.592453752,,,62.20225972,4.059586617,3.45,0.3,,,,,,,,,,79.5003
1057.52,-78.58,510.41,0.846109865,0.4,0.4,2.50E-12,1.149131068,44.8,0.35,1.527821988,7.142894253,44.8,0.35,7.678284865,3.917492278,70,0.3,35.06588672,2.556100844,24,0.136,7.951505932,3.264576898,3.1,0.32,70.97807015,0,1.15,0.43,2.500102528,0,1.15,0.43,6.001352768,4,44.8,0.35,0,2.646,44.8,0.35,,0.709626531,0.4,0.4,1.98E-12,0.963768332,44.8,0.35,1.281373805,5.475956433,44.8,0.35,0.175234629,0.547694057,44.8,0.35,2.540741349,0.07666339,44.8,0.35,3.614131246,3.28557386,70,0.3,32.74621947,2.190382573,24,0.136,3.28557386,2.737978217,3.1,0.32,148.1177138,3.21319382,,,64.90217549,2.673209944,3.45,0.3,17.56621067,70.7727
983.46,17.37,655.59,0.202471461,2.1,0.32,4.183454656,0.512201844,,,4.764902565,2.423433047,,,1.551741782,0,,,2.545282853,2.801352068,,,0.404338223,0.74609003,,,2.809022952,4.172812001,,,3.668384184,2.780420027,,,3.104003479,4.326045105,,,19.69697303,5.766329503,,,1.806025078,0.200739351,2.1,0.32,4.246249783,0.532532234,,,4.817428819,2.378215656,,,1.563134703,0,,,2.563963506,3.57332057,,,2.755993348,4.776305133,,,3.707697868,2.696677753,,,3.126784763,3.508338167,,,20.69099265,5.86442926,,,1.329158944,50.81487659,3.1,0.32,3.012479999,69.7453
976.03,-42.62,613.47,0.557288235,70,0.3,0.100799066,0,70,0.3,1.108789444,1.713584115,0.4,0.4,6.550695992,17.73173318,24,0.136,13.2533792,27.89781295,,,6.174157817,3.326812221,3.1,0.32,36.12803856,2.646000012,44.8,0.35,,,,,,,,,,,,,,0.573271837,70,0.3,0.103690087,1.61E-13,0.4,0.4,1.14059067,1.762731477,0.4,0.4,1.503404747,3.996824724,24,0.136,8.380451388,0.221171252,70,0.3,11.09730086,2.851613751,24,0.136,16.91677325,9.320298491,,,9.527659136,2.985995012,3.1,0.32,49.74335721,3.669090941,44.8,0.35,0.097007588,6.284456926,44.8,0.35,11.96925781,75.3686
991.78,-49.55,593.55,0.652233839,0.4,0.4,2.05E-12,0.881659679,44.8,0.35,1.172206619,5.610561596,44.8,0.35,5.760844496,3.005657998,70,0.3,14.82860925,3.004961566,24,0.136,25.63342154,4.052003383,3.1,0.32,49.01727829,2.646000006,44.8,0.35,,,,,,,,,,,,,,0.681068373,0.4,0.4,1.96E-12,0.920636874,44.8,0.35,1.224028571,5.85859829,44.8,0.35,6.01552503,3.166839578,70,0.3,16.50131183,2.092356565,24,0.136,7.304169837,2.928713213,3.1,0.32,118.5427132,0,1.15,0.43,4.186097151,0,1.15,0.43,16.30065698,26.55516743,,,,,,,,85.4413
999.89,-47.83,583.41,0.663615486,0.4,0.4,1.88E-12,0.890619012,44.8,0.35,1.184118459,5.667575533,44.8,0.35,5.819385591,3.542234708,70,0.3,15.48462601,2.024134151,24,0.136,15.90440311,4.626463005,3.1,0.32,59.22738658,2.646000005,44.8,0.35,,,,,,,,,,,,,,0.689317566,0.4,0.4,1.96E-12,0.925113024,44.8,0.35,1.229979817,5.887082883,44.8,0.35,6.044772603,3.679426802,70,0.3,16.08435145,2.10252963,24,0.136,5.500423578,2.621144663,3.1,0.32,159.9366896,27.16842847,,,,,,,,,,,,,,,,84.7838
1012.81,-53.94,567.05,0.677716054,0.4,0.4,1.99E-12,0.9209494,44.8,0.35,1.224444089,5.89930883,44.8,0.35,5.978845369,3.603589637,70,0.3,16.43623566,0.944817376,24,0.136,83.95945315,2.646000002,44.8,0.35,,,,,,,,,,,,,,,,,,0.686425431,0.4,0.4,1.93E-12,0.932784587,44.8,0.35,1.240179507,5.988904495,44.8,0.35,6.041896706,3.179947454,70,0.3,16.74772326,2.119964992,24,0.136,13.4013848,3.798557943,3.1,0.32,182.7866394,28.21924638,,,,,,,,,,,,,,,,77.7334
1023.59,-50.7,553.58,0.705403119,0.4,0.4,2.10E-12,0.959641216,44.8,0.35,1.275886617,6.161380047,44.8,0.35,6.215810636,3.271504145,70,0.3,17.22992183,2.18100279,24,0.136,7.333132191,5.283877676,3.1,0.32,60.93503627,0,1.15,0.43,2.614772854,0,1.15,0.43,11.51519348,2.646000001,44.8,0.35,,,,,,0.690617157,0.4,0.4,2.15E-12,0.939526167,44.8,0.35,1.249142745,5.925420713,44.8,0.35,6.192331556,3.444989551,70,0.3,17.46991192,14.68625344,24,0.136,4.862528873,2.669108429,3.1,0.32,176.92202,0,1.15,0.43,4.559597452,1.298648821,1.15,0.43,0,1.437109651,1.15,0.43,,,,,,80.0813
1038.6,-47.85,534.79,0.756561009,0.4,0.4,1.85E-12,1.031323881,44.8,0.35,1.371191978,6.562970153,44.8,0.35,6.738763996,3.515876868,70,0.3,18.38441661,2.476452829,24,0.136,14.06350745,2.92989739,3.1,0.32,66.04516258,0,1.15,0.43,2.531954987,0,1.15,0.43,10.42184268,2.646,44.8,0.35,,,,,,0.696593175,0.4,0.4,1.83E-12,0.949577322,44.8,0.35,1.262506213,6.04276478,44.8,0.35,6.20462455,3.237195418,70,0.3,32.26404766,2.158130278,24,0.136,3.237195418,13.38040773,3.1,0.32,179.767628,5.327092102,,,18.98154238,2.033853727,3.45,0.3,57.69792117,1.990032543,3.45,0.3,,,,,,82.5285
1051.17,-56.13,518.85,0.820328086,0.4,0.4,2.50E-12,1.105570274,44.8,0.35,1.469905932,7.035447195,44.8,0.35,7.223896674,3.768989569,70,0.3,23.00613577,2.323311529,24,0.136,17.57144037,2.569046306,3.1,0.32,68.76067141,0,1.15,0.43,2.50412346,0,1.15,0.43,6.054425549,4,44.8,0.35,0,2.646,44.8,0.35,,0.711357422,0.4,0.4,1.93E-12,0.958708635,44.8,0.35,1.274646708,5.959245721,44.8,0.35,6.405916789,3.268324892,70,0.3,32.57430476,2.178883262,24,0.136,3.268324892,2.723604077,3.1,0.32,159.3539034,3.236743927,,,51.37879114,27.64609202,3.45,0.3,,,,,,,,,,74.2608
1057.6,-46.16,510.98,0.849931253,0.4,0.4,2.28E-12,1.14603845,44.8,0.35,1.523710211,7.123670817,44.8,0.35,7.65762055,3.90694926,70,0.3,38.38584667,2.471406977,24,0.136,4.593589409,3.252964372,3.1,0.32,71.23109053,0,1.15,0.43,2.50018841,0,1.15,0.43,6.002483881,4,44.8,0.35,0,2.646,44.8,0.35,,0.714499169,0.4,0.4,1.98E-12,0.963423238,44.8,0.35,1.280914987,5.473995673,44.8,0.35,0.175171883,0.547348788,44.8,0.35,2.53998075,0.076635939,44.8,0.35,3.612837144,3.284397404,70,0.3,32.73449412,2.189598269,24,0.136,3.284397404,13.57550927,3.1,0.32,138.9659003,3.195290541,,,41.49520426,1.815466131,3.45,0.3,46.51034815,75.7017
1074.64,-48.03,489.54,0.933295442,0.4,0.4,2.52E-12,1.266629855,44.8,0.35,1.684041966,7.19676054,44.8,0.35,0.230301624,0.719525207,44.8,0.35,3.33944245,0.100754648,44.8,0.35,4.749861956,4.318056324,70,0.3,43.03662803,2.878704216,24,0.136,4.318056324,3.59838027,3.1,0.32,82.43743369,0,1.15,0.43,2.500010982,0,1.15,0.43,9.990209189,0.719871272,0.4,0.4,1.98E-12,0.976979426,44.8,0.35,1.298938555,5.551019468,44.8,0.35,0.177636701,0.554708173,44.8,0.35,2.576062729,0.077714273,44.8,0.35,4.218774796,3.330611681,70,0.3,38.19101394,2.775509734,3.1,0.32,27.91061932,1.65E-12,1.15,0.43,2.799262998,1.47E-12,1.15,0.43,83.77084467,3.089363215,,,37.39814827,68.9922
1093.85,-44.65,465.49,1.043781754,0.4,0.4,3.02E-12,1.415930808,44.8,0.35,1.88254437,8.045061411,44.8,0.35,0.257447875,0.804545947,44.8,0.35,3.732862778,0.11263086,44.8,0.35,6.114246672,4.827036847,70,0.3,47.3049611,3.218024564,24,0.136,9.15928464,14.12460464,3.1,0.32,81.98299403,0,1.15,0.43,2.500010736,0,1.15,0.43,9.980437717,0.732358959,0.4,0.4,1.94E-12,0.993473596,44.8,0.35,1.320868304,6.096315251,44.8,0.35,0.293530437,0.225789454,44.8,0.35,0.045153744,0.079932578,44.8,0.35,6.072830036,3.386841806,70,0.3,16.01597984,2.059631063,24,0.136,6.360726594,2.812037551,3.1,0.32,89.60199585,5.470290049,,,50.00506312,2.529924381,,,9.795807262,63.1138
1111.94,-34.3,442.99,0.977757113,70,0.3,0.177847218,5.68E-14,0.4,0.4,23.83372087,5.333222876,70,0.3,53.17631818,3.55694436,24,0.136,120.3322802,0,1.15,0.43,2.500010406,0,1.15,0.43,9.973183686,2.646000002,44.8,0.35,,,,,,,,,,,,,,0.631114436,70,0.3,0.114794267,1.06E-06,0.4,0.4,0,1.262747526,0.4,0.4,5.68E-14,1.95152054,0.4,0.4,1.147954325,1.364572455,24,0.136,11.34742178,2.101238308,2.4,0,2.35E-13,2.001181282,2.4,0,4.86E-13,1.000591386,2.4,0,3.070314452,8.463441945,3.1,0.32,41.65074925,4.030736137,3.6,0.4,16.17024565,57.6806
1108.17,-26.9,447.88,0.962449964,70,0.3,0.17404395,5.68E-14,0.4,0.4,9.024996654,2.105996624,44.8,0.35,0.284225194,1.638077745,44.8,0.35,10.26859302,5.221318486,70,0.3,52.03914091,3.480878991,24,0.136,117.1630518,0,1.15,0.43,2.500010502,0,1.15,0.43,9.974646566,2.646000003,44.8,0.35,,,,,,0.632457236,70,0.3,0.114369951,0,70,0.3,11.14779161,4.980689737,24,0.136,10.15485393,0.451044484,3.1,0.32,55.33965053,2.719666402,3.6,0.4,13.44790327,2.689416802,,,7.458668705,6.376827378,,,35.96986602,2.317602587,2.1,0.35,5.867738916,8.572628523,2.14,0.34,3.744902135,3.692303173,2.14,0.34,0.547269888,56.9317
1092.68,-32.01,467.22,1.03779292,0.4,0.4,2.80E-12,1.404417482,44.8,0.35,1.867236879,7.979644782,44.8,0.35,0.255354495,0.79784677,44.8,0.35,3.702667025,0.111715027,44.8,0.35,6.064530035,4.787786869,70,0.3,46.92031132,3.191857913,24,0.136,104.3787281,0,1.15,0.43,2.500010761,0,1.15,0.43,9.98108683,2.646000002,44.8,0.35,,0.73321553,0.4,0.4,2.00E-12,0.992241022,44.8,0.35,1.319229541,6.167679989,44.8,0.35,6.629974102,3.382639848,70,0.3,17.48571895,1.935621746,24,0.136,3.351675671,2.576056752,3.1,0.32,90.80538843,2.97620805,,,54.67353367,2.530865173,,,8.374619337,2.010859814,7.63,0.37,46.90839802,2.109953621,7.63,0.37,,62.5514
1070.14,-21.43,495.74,0.9115853,0.4,0.4,2.74E-12,1.2300831,44.8,0.35,1.635451394,6.989108521,44.8,0.35,0.223656607,0.698899115,44.8,0.35,3.242952956,0.097847519,44.8,0.35,4.612811624,4.19556836,70,0.3,41.79276571,4.193465113,24,0.136,85.7956118,0,1.15,0.43,2.500011019,0,1.15,0.43,9.993151596,2.646000001,44.8,0.35,,0.721031178,0.4,0.4,1.98E-12,0.97295148,44.8,0.35,1.293583217,5.528133406,44.8,0.35,0.17690433,0.552907175,44.8,0.35,2.564956005,0.077393868,44.8,0.35,3.648568048,3.316880044,70,0.3,33.05823777,2.211253363,24,0.136,12.56014367,2.763540505,3.1,0.32,10.08773323,0.153522313,1.15,0.43,2.813646825,5.68E-14,1.15,0.43,98.16391099,69.0524
1047.05,-19.01,524.77,0.789870741,0.4,0.4,2.28E-12,1.076853708,44.8,0.35,1.431725953,6.852705414,44.8,0.35,7.036260023,3.671092186,70,0.3,7.044631097,6.13407826,70,0.3,11.98312257,2.819748673,24,0.136,11.20903296,8.069549054,3.1,0.32,63.56161976,0,1.15,0.43,2.510926565,0,1.15,0.43,7.935427185,2.20881353,44.8,0.35,0,0.700674821,0.4,0.4,1.93E-12,0.955250321,44.8,0.35,1.270048723,6.078865682,44.8,0.35,6.241692441,3.256535187,70,0.3,32.45680069,2.171023458,24,0.136,173.2329982,3.919243213,,,32.27281809,1.522563822,3.45,0.3,61.26642474,1.899429291,3.45,0.3,,,,,,,,,,73.2982
1036.16,-19.29,538.45,0.75436567,0.4,0.4,2.30E-12,1.01617313,44.8,0.35,1.351048366,6.466556282,44.8,0.35,6.63976761,3.464226579,70,0.3,18.24492665,2.309484408,24,0.136,13.8569063,2.886855483,3.1,0.32,64.81126103,0,1.15,0.43,2.542905086,0,1.15,0.43,10.56640998,2.646,44.8,0.35,,,,,,0.703431831,0.4,0.4,2.03E-12,0.947562375,44.8,0.35,1.259827249,6.029942388,44.8,0.35,6.191458702,3.23032628,70,0.3,32.19558525,2.153550853,24,0.136,183.4890446,0.286873648,1.15,0.43,14.51911545,4.37444827,,,3.475316461,6.194125586,,,5.989807476,1.502949647,3.45,0.3,66.91112452,1.774555257,3.45,0.3,,77.0613
1013.94,-13.49,566.47,0.686745932,0.4,0.4,1.91E-12,0.922858249,44.8,0.35,1.22698199,5.872734312,44.8,0.35,6.030039695,3.146107667,70,0.3,10.66341541,3.528508136,24,0.136,17.05941261,2.621756389,3.1,0.32,68.73040958,2.646000003,44.8,0.35,,,,,,,,,,,,,,0.694344407,0.4,0.4,2.05E-12,0.93306918,44.8,0.35,1.240557887,5.937712962,44.8,0.35,6.096758845,3.180917658,70,0.3,12.24845976,6.605003249,24,0.136,13.86137246,1.882646038,3.1,0.32,159.6058755,0,1.15,0.43,4.431965453,0,1.15,0.43,22.66248546,28.25830947,,,,,,,,73.5214
990.36,-11.95,596.1,0.650448977,0.4,0.4,1.86E-12,0.880735561,44.8,0.35,1.170977962,5.604680842,44.8,0.35,5.754806221,3.002507594,70,0.3,8.91238683,2.001671729,24,0.136,24.49154514,3.102420957,3.1,0.32,58.38233478,2.646000008,44.8,0.35,,,,,,,,,,,,,,0.679110946,0.4,0.4,2.05E-12,0.919545085,44.8,0.35,1.222576987,5.851650538,44.8,0.35,6.008391177,3.657281586,70,0.3,8.782641459,2.093627107,24,0.136,19.740403,2.61234399,3.1,0.32,110.6160129,0,1.15,0.43,4.164367587,0,1.15,0.43,15.82677378,26.40527998,,,,,,,,89.1262
982.1,-26.75,606.17,0.551813034,70,0.3,0.100166928,0,70,0.3,2.54E-13,7.512519626,44.8,0.35,7.612686555,1.992945939,24,0.136,0.020123472,2.172324139,70,0.3,36.50137425,17.1462501,3.1,0.32,40.27068915,2.646000012,44.8,0.35,,,,,,,,,,,,,,0.573034266,70,0.3,0.104019077,0,70,0.3,2.54E-13,0.178496708,44.8,0.35,0.133560521,7.437363976,44.8,0.35,25.74472146,2.080381567,24,0.136,22.38685212,2.955225587,3.1,0.32,53.22468041,0,1.15,0.43,5.37787691,0,1.15,0.43,44.64411581,24.96974327,,,,,,,,80.0224
1057.88,-17.93,511.2,0.844420063,0.4,0.4,2.28E-12,1.144825213,44.8,0.35,1.522097158,7.116129446,44.8,0.35,7.64951392,3.902813225,70,0.3,38.89213715,2.302150568,24,0.136,79.04324214,0,1.15,0.43,2.500229461,0,1.15,0.43,6.003026194,4,44.8,0.35,0,2.646,44.8,0.35,,,,,,0.71051885,0.4,0.4,2.03E-12,0.963288213,44.8,0.35,1.280735465,5.473228483,44.8,0.35,0.175147332,0.547190213,44.8,0.35,2.53970663,0.076625199,44.8,0.35,3.617665134,3.284269984,70,0.3,32.7242391,2.189291393,24,0.136,40.55713872,0.096536861,1.15,0.43,7.068147972,0,1.15,0.43,101.5123962,3.279028978,,,44.43728555,68.2998
997.15,-23.65,587.34,0.657502323,0.4,0.4,1.99E-12,0.88638169,44.8,0.35,1.178484747,5.640610755,44.8,0.35,5.791698543,3.021755762,70,0.3,15.91458035,2.014503873,24,0.136,20.12561205,3.72710795,3.1,0.32,55.72690317,2.646000007,44.8,0.35,,,,,,,,,,,,,,0.684926502,0.4,0.4,2.05E-12,0.923352342,44.8,0.35,1.227638909,5.875878541,44.8,0.35,6.033268145,3.147792076,70,0.3,31.26806795,2.623160063,3.1,0.32,124.2609409,0,1.15,0.43,4.239992576,0,1.15,0.43,17.68082639,26.92737048,,,,,,,,,,,,79.2365
1010.17,-29.8,570.86,0.672539766,0.4,0.4,1.88E-12,0.912454232,44.8,0.35,1.213149377,5.806526932,44.8,0.35,5.962058903,3.110639428,70,0.3,16.38270099,2.073759647,24,0.136,12.44255769,2.592199523,3.1,0.32,67.48086995,2.646000003,44.8,0.35,,,,,,,,,,,,,,0.68617057,0.4,0.4,2.05E-12,0.93094754,44.8,0.35,1.23773707,5.924211616,44.8,0.35,6.082895856,3.70263226,70,0.3,16.18579245,2.115789886,24,0.136,12.69473916,2.644737329,3.1,0.32,151.7666806,0,1.15,0.43,4.390090312,0,1.15,0.43,21.52439993,27.96729556,,,,,,,,78.0744
1027.67,-31.23,548.86,0.720652119,0.4,0.4,2.10E-12,0.97604411,44.8,0.35,1.29769501,6.211189793,44.8,0.35,6.377560948,3.881779989,70,0.3,32.49804594,2.772852586,3.1,0.32,60.02866947,0,1.15,0.43,2.587155121,0,1.15,0.43,11.15059417,2.646000001,44.8,0.35,,,,,,,,,,0.695501777,0.4,0.4,1.83E-12,0.941980735,44.8,0.35,1.252406205,5.99442286,44.8,0.35,6.154987759,3.211297961,70,0.3,32.00593634,2.140865307,24,0.136,192.2327189,0.099490353,1.15,0.43,2.815902804,0.493722939,1.15,0.43,32.89550492,1.511735428,3.45,0.3,,,,,,,,,,77.1231
1044.77,-33.9,527.33,0.782341116,0.4,0.4,2.05E-12,1.064777139,44.8,0.35,1.415669605,6.775854522,44.8,0.35,6.957350625,3.629922065,70,0.3,22.02749705,2.381295245,24,0.136,13.1725564,2.514047347,3.1,0.32,68.79509008,0,1.15,0.43,2.515090289,0,1.15,0.43,10.19920119,2.646,44.8,0.35,,,,,,0.700786657,0.4,0.4,1.93E-12,0.953780387,44.8,0.35,1.268094378,6.069511552,44.8,0.35,6.232087754,3.251524046,70,0.3,32.40685632,2.167682697,24,0.136,178.2664473,3.271816134,,,29.80138794,1.516270108,3.45,0.3,63.98400602,1.744951647,3.45,0.3,,,,,,,,,,78.2936
1084.2,-22.97,478.06,0.994541996,0.4,0.4,2.78E-12,1.335809292,44.8,0.35,1.776019172,7.589825523,44.8,0.35,0.242879993,0.758915909,44.8,0.35,3.52174011,0.106257557,44.8,0.35,5.009284845,4.974240444,70,0.3,44.96681149,3.035930209,24,0.136,97.71679015,0,1.15,0.43,2.500010891,0,1.15,0.43,9.985287955,2.646000001,44.8,0.35,,0.733119387,0.4,0.4,2.00E-12,0.984682088,44.8,0.35,1.309179595,5.594784592,44.8,0.35,0.179037217,0.559506773,44.8,0.35,6.366832441,3.356870755,70,0.3,26.00999757,2.97726303,24,0.136,3.607362817,2.585958862,3.1,0.32,36.37832066,2.942004741,3.1,0.32,13.22958779,3.547424738,3.1,0.32,45.23420543,3.026199675,,,37.65941397,64.0482
1091.44,-4.27,469.34,1.023140008,0.4,0.4,2.80E-12,1.390106789,44.8,0.35,1.848210162,7.898334027,44.8,0.35,1.548073469,0.110576676,44.8,0.35,0.059553628,0.319572208,44.8,0.35,7.993108233,4.739000416,70,0.3,46.47691649,6.12598813,24,0.136,101.2994078,0,1.15,0.43,2.500010794,0,1.15,0.43,9.981914709,2.646000002,44.8,0.35,,0.729198897,0.4,0.4,2.08E-12,0.990738636,44.8,0.35,1.317232051,5.629196798,44.8,0.35,1.228669328,0.223667581,44.8,0.35,5.696743024,3.377518079,70,0.3,17.78826188,2.251678701,24,0.136,12.82098098,2.549610418,3.1,0.32,83.31677292,3.720301148,,,75.93535689,6.319500235,7.63,0.37,,,,,,61.6498
1073.41,3.29,492.14,0.927049603,0.4,0.4,2.75E-12,1.250650414,44.8,0.35,1.662796573,7.10596826,44.8,0.35,0.227396205,2.813963431,44.8,0.35,5.983220055,4.263580956,70,0.3,22.21483981,0.080957818,24,0.136,112.7343805,0,1.15,0.43,2.500011014,0,1.15,0.43,9.991463048,2.646000001,44.8,0.35,,,,,,0.722930431,0.4,0.4,2.03E-12,0.97528033,44.8,0.35,1.296679529,5.54136551,44.8,0.35,0.177327767,0.553995659,44.8,0.35,0.354784214,0.077579117,44.8,0.35,0.030200684,0.235788931,44.8,0.35,5.607857826,3.324819306,70,0.3,33.13736575,2.216546204,24,0.136,8.359019195,2.757030985,3.1,0.32,5.296748512,0.243491493,1.15,0.43,0.751942469,65.7581
1056.31,5.95,513.66,0.835298928,0.4,0.4,2.28E-12,1.131974616,44.8,0.35,1.505011706,7.203474832,44.8,0.35,130.1260974,0,1.15,0.43,2.500932429,0,1.15,0.43,6.012302139,4,44.8,0.35,0,2.646,44.8,0.35,,,,,,,,,,,,,,0.709725518,0.4,0.4,2.24E-12,0.961800913,44.8,0.35,1.278758031,5.901960145,44.8,0.35,2.819825403,0.076506891,44.8,0.35,3.606753422,3.278866747,70,0.3,32.67937191,3.133243915,24,0.136,49.63098835,0.543532307,1.15,0.43,101.954926,3.152465009,,,61.15948972,10.95213329,3.45,0.3,,,,,,64.9376
1042.29,11.57,531.38,0.773777551,0.4,0.4,2.29E-12,1.046670473,44.8,0.35,1.39159597,6.660630285,44.8,0.35,24.08404627,2.679829118,24,0.136,6.248003686,1.381603733,70,0.3,11.73245457,2.733197472,3.1,0.32,68.5543115,0,1.15,0.43,2.523125631,0,1.15,0.43,10.30527946,2.646,44.8,0.35,,,,,,0.703409334,0.4,0.4,2.15E-12,0.951485061,44.8,0.35,1.265042638,6.054904936,44.8,0.35,42.91032572,2.374841098,24,0.136,183.0144362,3.287864296,,,27.69944447,1.749094348,3.45,0.3,64.42040435,1.555034209,3.45,0.3,,,,,,,,,,,,,,72.9824
1032.19,7.4,543.97,0.730973897,0.4,0.4,2.32E-12,0.994518826,44.8,0.35,1.322257985,6.328756167,44.8,0.35,5.617053772,10.04259326,70,0.3,6.848895531,2.202630924,24,0.136,18.85553192,2.825337575,3.1,0.32,62.75268296,0,1.15,0.43,2.563480328,0,1.15,0.43,10.83803212,2.646,44.8,0.35,,,,,,0.694262902,0.4,0.4,2.05E-12,0.944572069,44.8,0.35,1.2558515,6.010913164,44.8,0.35,42.9170209,2.036025002,24,0.136,185.696304,0.925338347,1.15,0.43,1.910712977,0.925338841,1.15,0.43,11.16039985,0.098102869,,,23.40231089,2.358940301,3.45,0.3,23.21492283,20.04471127,3.45,0.3,18.98061602,2.345804721,3.45,0.3,,75.6312
1023.41,-7.28,554.7,0.707261794,0.4,0.4,2.10E-12,0.956515584,44.8,0.35,1.271730948,6.086917356,44.8,0.35,6.249959785,3.260848583,70,0.3,11.53147024,2.129382728,24,0.136,18.73024297,2.71737382,3.1,0.32,58.26668876,0,1.15,0.43,2.298631186,0,1.15,0.43,11.59659887,2.646000001,44.8,0.35,,,,,,0.694275128,0.4,0.4,2.03E-12,0.938952147,44.8,0.35,1.248379559,5.975150026,44.8,0.35,6.135198688,3.734468766,70,0.3,12.83291073,2.170717401,24,0.136,18.03394534,1.959733828,24,0.136,180.495945,0,1.15,0.43,4.548231017,1.41370068,1.15,0.43,0,1.31523793,1.15,0.43,,,,,,74.7078
1006.3,10.95,576.55,0.663070493,0.4,0.4,1.88E-12,0.901629793,44.8,0.35,1.198757793,5.737644137,44.8,0.35,5.891331033,3.07373793,70,0.3,9.685266713,2.028311637,24,0.136,18.81888509,2.561448275,3.1,0.32,66.93935663,2.646000004,44.8,0.35,,,,,,,,,,,,,,0.682654684,0.4,0.4,1.96E-12,0.928259978,44.8,0.35,1.234163834,5.907108949,44.8,0.35,6.065335082,3.164522651,70,0.3,10.8036146,2.150393985,24,0.136,18.48024975,2.637102209,3.1,0.32,143.1379703,0,1.15,0.43,4.337038648,0,1.15,0.43,20.21188564,27.59916956,,,,,,,,68.9968
990.76,6.64,595.98,0.65182106,0.4,0.4,1.86E-12,0.880821355,44.8,0.35,1.171092028,5.605226802,44.8,0.35,5.755366806,3.002800073,70,0.3,7.807280189,3.107841526,24,0.136,34.92010753,3.957970429,3.1,0.32,47.34586016,2.646000008,44.8,0.35,,,,,,,,,,,,,,0.680515244,0.4,0.4,2.11E-12,0.919596491,44.8,0.35,1.222645334,5.851977669,44.8,0.35,6.008727071,3.134988037,70,0.3,9.305630451,2.097878452,24,0.136,19.73737227,2.612490031,3.1,0.32,111.3096337,0,1.15,0.43,4.165391614,0,1.15,0.43,15.88092604,26.41234129,,,,,,,,83.6975
978.56,1.3,611.18,0.548537085,70,0.3,0.100516227,0,70,0.3,5.930457396,1.206194725,0.4,0.4,7.822480574,1.525528542,70,0.3,8.950913231,2.010324541,24,0.136,45.75448848,3.401813129,3.1,0.32,32.46100411,5.000000016,44.8,0.35,0,2.646000012,44.8,0.35,,,,,,,,,,0.56641222,70,0.3,0.103791742,1.14E-13,0.4,0.4,6.196905925,1.172307727,0.4,0.4,7.010416773,3.161173902,70,0.3,8.723637241,2.075834832,24,0.136,35.66233627,2.979099562,3.1,0.32,39.15593756,0,1.15,0.43,4.476940688,0,1.15,0.43,8.954976364,31.266037,44.8,0.35,9.533052865,20.70314984,,,,67.2457
1000.89,-6.1,583,0.659385522,0.4,0.4,1.88E-12,0.891485949,44.8,0.35,1.185271091,5.673092401,44.8,0.35,5.825050234,3.039156644,70,0.3,9.227604254,2.011861469,24,0.136,22.4956803,4.671218913,3.1,0.32,60.02272424,2.646000006,44.8,0.35,,,,,,,,,,,,,,0.684393883,0.4,0.4,2.05E-12,0.925297129,44.8,0.35,1.230224591,5.888254455,44.8,0.35,6.045975556,3.154422029,70,0.3,10.29070234,2.142302676,24,0.136,18.90092048,2.628685024,3.1,0.32,131.8526449,0,1.15,0.43,4.278491036,0,1.15,0.43,18.68129391,27.19362823,,,,,,,,79.6462
1019.47,10.02,560.01,0.701596092,0.4,0.4,1.84E-12,0.940494888,44.8,0.35,1.250430704,5.984967472,44.8,0.35,6.145279101,3.206232574,70,0.3,11.03989976,2.098978309,24,0.136,18.70969884,2.671860479,3.1,0.32,70.80355903,2.646000002,44.8,0.35,,,,,,,,,,,,,,0.698439133,0.4,0.4,2.05E-12,0.936262962,44.8,0.35,1.244804165,5.958037028,44.8,0.35,6.117627306,3.723773143,70,0.3,13.55399705,6.750949032,70,0.3,12.79521482,1.45273908,24,0.136,171.5496599,0,1.15,0.43,4.495041776,0,1.15,0.43,24.40404277,14.94877058,,,,,,,,71.8059
979.08,26.35,611.05,0.555037923,70,0.3,0.100483256,0,70,0.3,5.225129318,3.396155162,0.4,0.4,5.605814964,2.252154559,70,0.3,8.947977188,2.009665122,24,0.136,45.84330561,3.412238848,3.1,0.32,37.64641807,2.64600001,44.8,0.35,,,,,,,,,,,,,,0.573346126,70,0.3,0.103797747,1.14E-13,0.4,0.4,5.397815744,1.985170949,0.4,0.4,6.525911344,3.662580735,70,0.3,8.694482349,2.075954931,24,0.136,35.52277556,2.978697565,3.1,0.32,40.25943177,0,1.15,0.43,4.478326404,0,1.15,0.43,36.5047062,1.183047183,44.8,0.35,11.35967342,21.37458588,,,,70.2542
991.49,28.5,595.51,0.651724702,0.4,0.4,1.86E-12,0.881050931,44.8,0.35,1.17139726,5.606687742,44.8,0.35,5.756866878,3.003582719,70,0.3,8.915578141,2.002388479,24,0.136,34.68469068,3.986863515,3.1,0.32,47.85964092,2.646000006,44.8,0.35,,,,,,,,,,,,,,0.680385441,0.4,0.4,1.96E-12,0.919796694,44.8,0.35,1.222911514,5.853251692,44.8,0.35,6.01003522,3.135670549,70,0.3,9.315152605,2.120244825,24,0.136,19.71226336,2.613058791,3.1,0.32,112.6399389,0,1.15,0.43,4.169378841,0,1.15,0.43,1.054556102,1.447071203,1.15,0.43,13.51123267,26.43983789,,,,78.0846
998.34,32.11,586.98,0.654245712,0.4,0.4,1.89E-12,0.887117213,44.8,0.35,1.179462659,5.645291357,44.8,0.35,5.796504519,3.024263227,70,0.3,8.978649117,2.014491586,24,0.136,27.06667413,4.43527888,3.1,0.32,55.82966735,2.646000004,44.8,0.35,,,,,,,,,,,,,,0.681086116,0.4,0.4,2.05E-12,0.923511162,44.8,0.35,1.227850067,5.876889211,44.8,0.35,6.034305886,3.148333506,70,0.3,9.976195024,2.137411818,24,0.136,19.15983932,2.623611255,3.1,0.32,126.3804931,0,1.15,0.43,4.24313923,0,1.15,0.43,17.85104734,26.94912081,,,,,,,,74.6899
1006.92,34.41,576.25,0.662839727,0.4,0.4,2.03E-12,0.902408004,44.8,0.35,1.19979246,5.742596391,44.8,0.35,5.896415937,3.076390924,70,0.3,9.708294153,2.029638228,24,0.136,18.82088413,2.563659103,3.1,0.32,67.32347629,2.646000003,44.8,0.35,,,,,,,,,,,,,,0.681931255,0.4,0.4,1.96E-12,0.928399728,44.8,0.35,1.234349639,5.907998272,44.8,0.35,6.066248226,3.164999074,70,0.3,10.82754171,2.150774984,24,0.136,18.46067411,2.637499229,3.1,0.32,144.3098716,0,1.15,0.43,4.339798127,2.603878876,1.15,0.43,17.72022351,27.61830225,,,,,,,,62.1068
1020.28,31.74,559.43,0.698299267,0.4,0.4,1.91E-12,0.9424414,44.8,0.35,1.25301868,5.997354365,44.8,0.35,6.157997786,3.21286841,70,0.3,11.09406021,2.102649598,24,0.136,18.71778307,2.677390342,3.1,0.32,71.29403289,2.646000001,44.8,0.35,,,,,,,,,,,,,,0.693935976,0.4,0.4,1.99E-12,0.936552598,44.8,0.35,1.24518925,5.95988017,44.8,0.35,6.119519817,3.192792948,70,0.3,12.18915923,2.172913774,24,0.136,19.26600264,1.811926082,24,0.136,172.8954857,0,1.15,0.43,4.500766283,0,1.15,0.43,24.60093791,12.22433427,,,,,,,,63.7594
1034.06,36.71,542.22,0.735161646,0.4,0.4,2.07E-12,1.001576955,44.8,0.35,1.331642087,6.373671529,44.8,0.35,6.544394874,3.983544706,70,0.3,12.24225126,2.216340686,24,0.136,18.88936802,2.845389076,3.1,0.32,63.98702911,0,1.15,0.43,2.556038737,0,1.15,0.43,10.73978653,2.646,44.8,0.35,,,,,,0.694009716,0.4,0.4,2.05E-12,0.945511971,44.8,0.35,1.257101144,6.016894364,44.8,0.35,5.946818822,5.735194344,70,0.3,12.32641193,21.17200491,24,0.136,184.3747238,0.925498679,1.15,0.43,1.911230961,0.925511258,1.15,0.43,12.04913362,4.737923452,,,14.3052575,1.543772954,3.45,0.3,70.37937645,1.561099844,3.45,0.3,,63.7467
1048.08,31.09,524.51,0.797640516,0.4,0.4,2.50E-12,1.078299108,44.8,0.35,1.433647677,6.861903413,44.8,0.35,15.3607218,7.86410758,24,0.136,3.252745461,1.516415194,24,0.136,94.53445442,0,1.15,0.43,2.510485001,0,1.15,0.43,7.142090228,2.996313478,44.8,0.35,0,2.646,44.8,0.35,,,,,,0.706731259,0.4,0.4,2.03E-12,0.955402429,44.8,0.35,1.270250957,6.079833642,44.8,0.35,5.461166996,4.191397469,70,0.3,27.0435743,2.171369158,24,0.136,178.0339229,3.255461378,,,33.45296369,1.524616096,3.45,0.3,60.57260016,1.894402108,3.45,0.3,,,,,,,,,,61.2736
1061.19,30.96,508.04,0.853595196,0.4,0.4,2.50E-12,1.161452843,44.8,0.35,1.544204348,7.219485284,44.8,0.35,7.760616722,6.837012288,70,0.3,7.956498077,6.723800555,24,0.136,24.83712235,1.555496498,24,0.136,79.37484181,0,1.15,0.43,2.500011023,0,1.15,0.43,5.99948999,4,44.8,0.35,0,2.646,44.8,0.35,,0.709374841,0.4,0.4,2.03E-12,0.965217974,44.8,0.35,1.28330117,6.20800975,44.8,0.35,2.544762335,0.076778703,44.8,0.35,3.619567404,3.290515821,70,0.3,32.79547435,2.193677214,24,0.136,41.47628871,0,1.15,0.43,2.837340937,1.14E-12,1.15,0.43,99.96822429,3.170931551,,,46.22557276,1.595136872,3.45,0.3,48.79114782,62.6026
1075.91,23.05,489.4,0.934177904,0.4,0.4,2.52E-12,1.26645769,44.8,0.35,1.683813065,7.195782328,44.8,0.35,0.230270321,0.719639888,44.8,0.35,0.616005868,0.434516696,44.8,0.35,0.476663964,0.602703385,44.8,0.35,6.778421667,4.519572365,70,0.3,20.66782542,2.157607327,24,0.136,22.92932707,1.247469286,24,0.136,89.62503753,0,1.15,0.43,2.500010993,0.720717979,0.4,0.4,2.03E-12,0.977071737,44.8,0.35,1.299061287,5.551543962,44.8,0.35,0.177653485,0.555042026,44.8,0.35,0.355407105,0.077721615,44.8,0.35,0.031376528,0.235101661,44.8,0.35,5.618158411,3.330926377,70,0.3,40.59703476,2.752157883,3.1,0.32,103.2711758,1.957456668,,,5.2360834,3.079338217,,,37.39067307,62.865
1094.58,21.46,465.93,1.044989735,0.4,0.4,3.02E-12,1.411142552,44.8,0.35,1.876178165,8.017855408,44.8,0.35,1.57149966,0.112249976,44.8,0.35,0.05955593,0.32530702,44.8,0.35,8.114063782,4.810713245,70,0.3,40.17105534,3.205542413,24,0.136,8.742722859,0.739736455,24,0.136,104.4358232,0,1.15,0.43,2.500010733,0,1.15,0.43,9.98070607,0.735462605,0.4,0.4,2.14E-12,0.993160547,44.8,0.35,1.320452091,6.094394265,44.8,0.35,0.782229834,0.222220774,44.8,0.35,5.710668999,3.869527009,70,0.3,16.11705637,2.048938752,24,0.136,3.116775638,10.88208251,3.1,0.32,83.73859163,4.940974294,,,51.63957373,2.530161279,,,8.8870714,2.201448479,7.63,0.37,45.32003409,58.9826
977.11,55.8,614.12,0.553057143,70,0.3,0.100770168,1.14E-13,0.4,0.4,1.108471528,6.749660552,0.4,0.4,4.204047884,13.50945198,24,0.136,13.61957743,32.27006686,,,4.065941673,3.333542362,3.1,0.32,36.24825511,2.646000005,44.8,0.35,,,,,,,,,,,,,,0.568924512,70,0.3,0.103661294,0,70,0.3,1.140273896,6.455176062,24,0.136,0.490130603,3.957135985,24,0.136,15.39208373,2.852992744,24,0.136,16.24446663,16.62341209,,,4.455686514,2.987979746,3.1,0.32,49.74792979,3.676930451,44.8,0.35,0.948398569,6.99496981,44.8,0.35,9.404626916,7.787841037,44.8,0.35,0,66.1944
989.63,56.36,598.41,0.648010769,0.4,0.4,1.96E-12,0.880287959,44.8,0.35,1.170382855,5.601832467,44.8,0.35,5.75188155,3.000981679,70,0.3,15.80517017,2.000654482,24,0.136,15.03809807,5.632027931,,,9.607288914,3.868064074,3.1,0.32,45.74859492,2.646000003,44.8,0.35,,,,,,,,,,0.67618968,0.4,0.4,2.05E-12,0.918567502,44.8,0.35,1.221277246,5.845429555,44.8,0.35,6.002003561,3.131480119,70,0.3,16.49246196,2.08765344,24,0.136,13.21873581,2.892523705,3.1,0.32,107.8810162,0,1.15,0.43,4.144875534,0,1.15,0.43,0,2.48692532,1.15,0.43,12.97004571,26.27091281,,,,67.3172
1001.09,58.04,584.06,0.658495569,0.4,0.4,2.09E-12,0.890648417,44.8,0.35,1.184157555,5.667762656,44.8,0.35,5.819577727,3.036604686,70,0.3,15.99088423,2.024200975,24,0.136,17.24320998,4.627994222,3.1,0.32,59.25542991,2.646000002,44.8,0.35,,,,,,,,,,,,,,0.683758864,0.4,0.4,1.89E-12,0.924818295,44.8,0.35,1.229587961,5.885207333,44.8,0.35,6.157759354,3.904680984,70,0.3,5.820990549,13.43503615,70,0.3,3.401816714,3.498450081,70,0.3,4.294613075,1.088053812,70,0.3,1.53927089,6.207758008,70,0.3,148.4953068,27.12808484,,,,,,,,63.4284
1017.14,53.09,563.81,0.690040999,0.4,0.4,2.16E-12,0.930471259,44.8,0.35,1.237103833,5.92118074,44.8,0.35,28.79817016,6.415710754,70,0.3,5.547104354,2.643384259,3.1,0.32,70.3839855,2.646000001,44.8,0.35,,,,,,,,,,,,,,,,,,0.692934313,0.4,0.4,1.99E-12,0.934372687,44.8,0.35,1.242290959,5.94600801,44.8,0.35,6.105276082,3.185361434,70,0.3,16.77623689,2.123574305,24,0.136,17.20466521,4.274639633,3.1,0.32,188.4791501,27.07019911,,,,,,,,,,,,,,,,65.4652
1055.44,51.7,515.69,0.82933823,0.4,0.4,2.50E-12,1.121586274,44.8,0.35,1.491199932,7.137367198,44.8,0.35,7.328546677,3.82358957,70,0.3,36.46095313,2.017152522,24,0.136,79.70483249,0,1.15,0.43,2.501886859,0,1.15,0.43,6.024903987,4,44.8,0.35,0,2.646,44.8,0.35,,,,,,0.710287954,0.4,0.4,1.94E-12,0.960584224,44.8,0.35,1.277140388,5.970904208,44.8,0.35,6.41844913,3.274718944,70,0.3,17.8132637,4.196303906,24,0.136,172.118397,3.545094644,,,46.61925136,2.371657448,3.45,0.3,40.89036385,2.090819014,3.45,0.3,,,,,,,,,,58.661
1065.16,53.56,503.52,0.873594557,0.4,0.4,2.73E-12,1.185805727,44.8,0.35,1.576582614,6.737532537,44.8,0.35,0.215605991,0.262558666,44.8,0.35,2.629915248,0.073578757,44.8,0.35,5.375007659,4.042519522,70,0.3,40.29044457,2.695013015,24,0.136,84.06026649,0,1.15,0.43,2.500011006,0,1.15,0.43,8.939438803,1.057665962,44.8,0.35,0,0.713149318,0.4,0.4,1.98E-12,0.968019476,44.8,0.35,1.287025894,5.500110657,44.8,0.35,0.176007582,0.549922833,44.8,0.35,2.552135537,0.077001549,44.8,0.35,3.715129655,3.499786289,70,0.3,17.14593236,5.999762523,24,0.136,7.142590844,3.976813271,24,0.136,39.29746373,3.06E-13,1.15,0.43,3.30548565,2.56E-13,1.15,0.43,96.45952149,63.5249
1078.11,55.64,487.31,0.94823698,0.4,0.4,2.52E-12,1.278329239,44.8,0.35,1.699596829,7.263234314,44.8,0.35,0.232428834,0.726415026,44.8,0.35,3.370043791,0.10168528,44.8,0.35,4.793734647,4.613362878,70,0.3,0.62894286,8.267310086,70,0.3,27.25656434,2.885858067,24,0.136,100.4806919,0,1.15,0.43,2.500010943,0,1.15,0.43,9.989321343,0.725794901,0.4,0.4,2.08E-12,0.9784525,44.8,0.35,1.300897074,5.559389206,44.8,0.35,0.177904539,0.556059353,44.8,0.35,2.579432075,0.077831449,44.8,0.35,3.669196876,3.335633524,70,0.3,33.24514745,2.223755683,24,0.136,3.335633524,2.779694603,3.1,0.32,6.678648315,1.047081602,1.15,0.43,4.252029395,5.519860607,1.15,0.43,88.88678818,62.1608
1028.37,56.65,549.78,0.72030816,0.4,0.4,2.12E-12,0.973786212,44.8,0.35,1.294693032,6.19682135,44.8,0.35,6.362807636,3.319725723,70,0.3,16.49527757,4.173235766,24,0.136,12.30742885,2.766438103,3.1,0.32,6.056888997,4.896563553,70,0.3,50.04224344,0,1.15,0.43,2.59053862,0,1.15,0.43,11.1951893,2.646,44.8,0.35,,0.696425461,0.4,0.4,2.05E-12,0.941499137,44.8,0.35,1.251765899,5.991358147,44.8,0.35,6.151840955,3.20965615,70,0.3,31.98957297,2.139770767,24,0.136,193.2040433,0,1.15,0.43,3.965809921,0.327168893,1.15,0.43,,,,,,,,,,,,,,62.1342
1040.56,53.94,534.42,0.765271892,0.4,0.4,2.07E-12,1.033712067,44.8,0.35,1.37436718,6.578167697,44.8,0.35,6.754368618,3.524018409,70,0.3,18.55257287,2.35660304,24,0.136,14.09607362,2.936682008,3.1,0.32,67.82603614,0,1.15,0.43,2.530442881,0,1.15,0.43,10.4018601,2.646,44.8,0.35,,,,,,0.703139447,0.4,0.4,2.05E-12,0.949784957,44.8,0.35,1.262782272,6.044086089,44.8,0.35,6.205981252,3.237903262,70,0.3,27.03649224,2.158642549,24,0.136,197.8275471,3.315482324,,,37.52138537,27.26086374,3.45,0.3,9.475760716,4.793051597,3.45,0.3,,,,,,,,,,61.7015
984.43,80.29,656.04,0.087085835,2.1,0.32,1.441324015,0,2.5,0.27,2.185836123,0,2.5,0.27,1.872298213,0.73295895,,,4.598028877,14.22563782,,,4.905499521,33.24091939,,,2.629275704,45.78551748,,,2.569503229,4.924684261,3.1,0.32,2.998620135,30.29613369,44.8,0.35,2.646000002,35.92953627,,,,0.086632231,2.1,0.32,1.432679429,0,2.5,0.27,2.235360358,0,2.5,0.27,1.878931878,0.75593766,,,4.623736223,14.3063495,,,4.903523042,33.21684023,,,2.579637159,28.12721374,,,1.149670835,16.95506608,,,1.021391796,6.448309664,3.1,0.32,3.011769705,29.78535712,44.8,0.35,2.649757963,62.5187
981.4,81.5,609.25,0.544789096,70,0.3,0.100299883,0,70,0.3,0.300899649,2.958846552,44.8,0.35,2.005997662,1.554648188,44.8,0.35,0.65194924,0.050149942,44.8,0.35,5.917693104,3.436476995,70,0.3,45.02482312,4.041572068,,,6.501148882,3.480880408,3.1,0.32,38.86761811,2.646000001,44.8,0.35,,,,,,0.564226615,70,0.3,0.103878481,1.14E-13,0.4,0.4,0.311635442,3.064415176,44.8,0.35,0.687155659,3.621420508,44.8,0.35,0.054320017,0.05193924,44.8,0.35,6.128830353,3.116354417,70,0.3,14.98274311,2.868771897,24,0.136,18.1868103,2.13742085,,,6.552554814,2.973349071,3.1,0.32,47.1058015,0,1.15,0.43,4.496942927,62.5496
993.59,78.79,593.89,0.645139561,0.4,0.4,1.86E-12,0.881964939,44.8,0.35,1.172612476,5.612504158,44.8,0.35,5.76283909,3.006698656,70,0.3,15.83527959,2.004465798,24,0.136,26.76669966,4.080725722,3.1,0.32,49.52901033,2.646000001,44.8,0.35,,,,,,,,,,,,,,0.673318841,0.4,0.4,1.96E-12,0.920488599,44.8,0.35,1.223831433,5.857654723,44.8,0.35,6.014556189,3.138029316,70,0.3,16.5269544,2.092019569,24,0.136,7.840607333,2.929652143,3.1,0.32,120.9512714,0,1.15,0.43,4.183148357,0,1.15,0.43,16.43075257,26.53482111,,,,,,,,62.9836
1003.41,78.89,581.57,0.658949416,0.4,0.4,1.83E-12,0.894182157,44.8,0.35,1.188855822,5.690250089,44.8,0.35,5.842667502,3.048348262,70,0.3,16.05463418,2.032232199,24,0.136,14.58044207,4.806184832,3.1,0.32,62.42305593,2.646000001,44.8,0.35,,,,,,,,,,,,,,0.682357173,0.4,0.4,1.99E-12,0.925946049,44.8,0.35,1.231087361,5.892383948,44.8,0.35,6.050215661,3.156634258,70,0.3,15.71227137,3.017091913,24,0.136,2.510304866,2.623439973,3.1,0.32,146.7178369,0,1.15,0.43,4.291322947,2.574793768,1.15,0.43,16.57649639,27.28244651,,,,,,,,58.0696
1019.81,78.52,560.97,0.690984758,0.4,0.4,1.99E-12,0.938563332,44.8,0.35,1.247862612,5.97267575,44.8,0.35,6.132658136,3.732238125,70,0.3,16.31888761,2.133098502,24,0.136,2.536411819,2.674285844,3.1,0.32,81.79596227,2.646,44.8,0.35,,,,,,,,,,,,,,0.688935743,0.4,0.4,1.88E-12,0.935780159,44.8,0.35,1.244162257,5.95496465,44.8,0.35,24.51105985,11.9347788,70,0.3,9.970984014,2.658466361,3.1,0.32,195.842828,16.24948317,,,,,,,,,,,,,,,,,,,,60.4415
1041.18,77.4,534.12,0.765435585,0.4,0.4,1.85E-12,1.035177553,44.8,0.35,1.37631561,6.587493517,44.8,0.35,6.773511742,5.260091741,70,0.3,1.015203963,7.170731757,70,0.3,6.895054648,14.45367646,70,0.3,3.779564532,2.94084532,3.1,0.32,68.3374953,0,1.15,0.43,2.52954145,0,1.15,0.43,10.3899554,2.646,44.8,0.35,,0.702417428,0.4,0.4,2.15E-12,0.949951595,44.8,0.35,1.263003825,6.045146512,44.8,0.35,6.207070079,3.238471346,70,0.3,32.27676441,2.158980897,24,0.136,4.266755119,3.446023064,3.1,0.32,168.9139345,1.32E-11,1.15,0.43,5.553130102,0.723444832,1.15,0.43,12.47357723,3.334977219,,,21.6759021,0.151456641,,,,60.1353
1058.34,81.99,512.67,0.842191636,0.4,0.4,2.05E-12,1.13701803,44.8,0.35,1.511717154,6.977156093,44.8,0.35,7.687792362,3.87619783,70,0.3,28.08287768,2.917670465,24,0.136,14.09255327,3.121171672,3.1,0.32,7.072031547,4.499559468,70,0.3,61.02881425,0,1.15,0.43,2.500596508,0,1.15,0.43,6.00787203,4,44.8,0.35,0,0.7128508,0.4,0.4,2.03E-12,0.962398791,44.8,0.35,1.279552938,5.468174948,44.8,0.35,3.259032269,0.076554449,44.8,0.35,3.608995466,3.280904969,70,0.3,32.69968619,2.187269979,24,0.136,6.945984378,2.774165574,3.1,0.32,147.5892198,3.859168738,,,64.38097308,2.828365302,2.1,0.35,19.53218025,3.397311343,3.45,0.3,,61.5191
1067.83,78.81,500.69,0.890125816,0.4,0.4,2.51E-12,1.201240051,44.8,0.35,1.59710325,6.973246382,44.8,0.35,0.070393479,0.682563223,44.8,0.35,3.16686011,0.095553186,44.8,0.35,4.504650193,4.095136539,70,0.3,34.1943901,4.932744708,24,0.136,1.55050926,2.238460638,24,0.136,4.723983696,3.412613782,3.1,0.32,18.33802316,4.321732354,70,0.3,55.88930622,0.718626173,0.4,0.4,2.19E-12,0.969798342,44.8,0.35,1.289390978,5.510217855,44.8,0.35,0.176331019,0.552149815,44.8,0.35,2.555609007,0.07714305,44.8,0.35,3.636743784,3.306130713,70,0.3,32.95110277,2.204087142,24,0.136,3.306130713,2.755108927,3.1,0.32,41.68591137,1.26E-10,1.15,0.43,2.821795335,1.26E-10,1.15,0.43,85.03771757,62.1466
1029.03,81.79,549.46,0.717624565,0.4,0.4,2.10E-12,0.97518575,44.8,0.35,1.296553782,6.205727503,44.8,0.35,17.14640498,5.909774768,70,0.3,3.246005254,3.66634102,24,0.136,8.975764556,5.70684773,3.1,0.32,62.36025748,0,1.15,0.43,2.588427257,0,1.15,0.43,11.1672784,2.646,44.8,0.35,,,,,,0.692957505,0.4,0.4,2.15E-12,0.941665486,44.8,0.35,1.251987066,5.992416727,44.8,0.35,8.477117034,3.691451888,70,0.3,14.84308139,7.476431813,24,0.136,6.298112397,2.248052289,24,0.136,3.674501433,2.675186039,3.1,0.32,188.6797892,0,1.15,0.43,4.469320589,0.129294261,1.15,0.43,,,,,,59.3143
983.8,118.69,658.9,1.018669395,2.1,0.32,0,3.007463459,2.5,0.27,0.481267729,4.902162275,2.1,0.32,0,1.408277244,2.1,0.32,1.637572508,3.071313353,,,8.89E-13,1.023643389,,,13.53928399,4.407431826,,,2.416950981,0.112114525,,,28.31350715,2.501229836,,,9.519540216,30.16072404,,,5.031302866,0.995983449,2.1,0.32,0,2.848035571,2.5,0.27,0.986904366,4.961287616,2.5,0.27,3.22E-13,1.420497199,2.1,0.32,2.027665188,0.399084962,,,0.176889327,1.556784937,,,0.08455319,2.258085602,,,13.95466489,5.555812919,,,28.27505526,2.513687372,,,12.16921275,21.17355661,,,4.742895563,59.6588
992.83,103.65,595.37,0.656085691,0.4,0.4,1.96E-12,0.882057228,44.8,0.35,1.172735179,9.622442492,44.8,0.35,1.754091079,3.007013279,70,0.3,15.8369366,2.004675546,24,0.136,29.2302011,4.089040674,3.1,0.32,47.3458843,2.65534423,44.8,0.35,,,,,,,,,,,,,,0.684201952,0.4,0.4,1.96E-12,0.919857399,44.8,0.35,1.222992224,10.03480799,44.8,0.35,1.829261874,3.135877498,70,0.3,16.51562149,2.090585023,24,0.136,12.54350997,2.613231248,3.1,0.32,43.66469246,0,1.15,0.43,4.170961031,5.80E-13,1.15,0.43,3.169158175,2.103027196,1.15,0.43,3.892586314,2.2390958,1.15,0.43,13.73697318,61.7163
1009.35,104.08,574.62,0.662695657,0.4,0.4,1.88E-12,0.905331663,44.8,0.35,1.203679598,5.761201494,44.8,0.35,6.429912381,3.086357943,70,0.3,15.74042551,2.057571984,24,0.136,12.34543175,2.571964953,3.1,0.32,28.11644689,2.709972727,1.15,0.43,37.87039093,2.647194606,44.8,0.35,,,,,,,,,,0.680139953,0.4,0.4,1.99E-12,0.929162925,44.8,0.35,1.235364344,5.860061632,44.8,0.35,6.651961852,3.167600882,70,0.3,16.1547645,2.111733938,24,0.136,12.67040351,2.639667402,3.1,0.32,63.68712005,1.024887435,1.15,0.43,2.096725165,0.533066362,1.15,0.43,0,1.01764274,1.15,0.43,9.006158055,2.723887422,1.15,0.43,0,61.6479
1023.46,105.72,556.95,0.705383282,0.4,0.4,2.12E-12,0.952025917,44.8,0.35,1.265761731,6.058346746,44.8,0.35,6.761547708,3.2455429,70,0.3,16.55226879,2.163695284,24,0.136,12.98217159,2.704619083,3.1,0.32,35.33459574,2.574957215,1.15,0.43,6.570321293,0.294356109,1.15,0.43,28.36311882,2.64711436,44.8,0.35,,,,,,0.694846601,0.4,0.4,2.15E-12,0.937805006,44.8,0.35,1.246854384,5.967850041,44.8,0.35,6.660546921,3.197062522,70,0.3,16.50735921,2.543835875,24,0.136,17.60845517,2.664218768,3.1,0.32,97.92256742,0,1.15,0.43,5.300142618,0.171491284,1.15,0.43,27.08717533,0.029059142,1.15,0.43,1.802611099,0.019000649,1.15,0.43,72.88877585,60.5553
1030.47,106.94,548.17,0.722704997,0.4,0.4,2.10E-12,0.978553226,44.8,0.35,1.301030993,6.22715689,44.8,0.35,6.949951886,3.335976905,70,0.3,32.58137445,2.779980755,3.1,0.32,39.44261564,0,1.15,0.43,2.541420935,0.639057578,1.15,0.43,33.67028929,2.64733678,44.8,0.35,,,,,,,,,,0.695962488,0.4,0.4,2.15E-12,0.942343473,44.8,0.35,1.252888482,5.996731195,44.8,0.35,6.692780351,3.212534569,70,0.3,36.83706305,2.677112141,3.1,0.32,113.0010843,0,1.15,0.43,4.615882405,1.82E-13,1.15,0.43,0.667288721,0.170623851,1.15,0.43,2.06826491,0.156615319,1.15,0.43,,,,,,61.0164
1045.25,106.29,529.59,0.767914987,0.4,0.4,2.29E-12,1.049135018,44.8,0.35,1.394872695,6.676313752,44.8,0.35,7.451243027,3.576596653,70,0.3,18.94393499,2.063182269,24,0.136,14.83571528,2.556842145,3.1,0.32,47.68762705,0,1.15,0.43,2.50430913,1.71E-13,1.15,0.43,29.47678322,4.006806677,44.8,0.35,3.55E-13,2.651917368,44.8,0.35,,0.697178142,0.4,0.4,2.15E-12,0.95249346,44.8,0.35,1.26638335,6.061322019,44.8,0.35,6.223678859,3.247136796,70,0.3,32.36313006,2.164757864,24,0.136,3.759927647,2.902811952,3.1,0.32,146.2551025,0,1.15,0.43,5.73742711,0,1.15,0.43,16.31023099,0,1.15,0.43,2.867615624,0,1.15,0.43,11.95388578,59.8505
1057.13,108.35,514.73,0.839104409,0.4,0.4,2.50E-12,1.130967657,44.8,0.35,1.503672907,7.197066905,44.8,0.35,7.417020087,3.828396953,70,0.3,44.71636764,2.808139333,3.1,0.32,48.76712885,0,1.15,0.43,2.502891012,7.37E-13,1.15,0.43,29.53209126,4.005344461,44.8,0.35,1.61E-13,2.649928503,44.8,0.35,,,,,,0.713117816,0.4,0.4,2.05E-12,0.961159513,44.8,0.35,1.277905261,5.974480153,44.8,0.35,6.968406467,3.276680157,70,0.3,32.11146554,2.184453438,24,0.136,8.158211833,2.563972953,3.1,0.32,235.9232227,4.045782385,44.8,0.35,0.026425944,3.61130623,3.45,0.3,,,,,,,,,,56.6092
985.92,146.59,655.38,0.08970532,2.1,0.32,1.399268099,0,2.5,0.27,2.296428402,1.37E-12,2.1,0.32,1.948225823,0.849673104,,,4.787103271,14.6442477,,,4.917549012,24.99453231,,,3.955177857,28.83177631,,,5.173030651,15.6082901,3.1,0.32,3.991890052,7.826447059,4.5,0.36,2.368851212,8.925277551,4.5,0.36,2.066045309,0.092091708,2.1,0.32,1.442920381,0,2.5,0.27,2.035340413,0,2.5,0.27,1.909081288,0.722408392,,,4.649418503,14.20177823,,,4.922097582,21.58697768,,,5.958272904,28.8844179,,,3.21756196,0.040582942,,,1.436969419,0.275266827,,,0.064800646,0.556503554,,,0.124953863,61.8947
989.93,125.66,599.46,0.654179267,0.4,0.4,1.96E-12,0.88052516,44.8,0.35,1.170698224,5.603341926,44.8,0.35,5.753431442,3.001790317,70,0.3,15.64316407,2.055905534,24,0.136,8.99399693,11.64133592,,,12.17995422,3.914113273,3.1,0.32,37.8723292,6.942699938,44.8,0.35,2.60E-13,2.651062547,44.8,0.35,,,,,,0.682116484,0.4,0.4,2.02E-12,0.918128649,44.8,0.35,1.220693772,5.842636855,44.8,0.35,5.999136057,3.133248399,70,0.3,16.48131819,2.086656044,24,0.136,31.661146,4.368422839,3.1,0.32,0.004959277,0,1.15,0.43,4.37339058,0,1.15,0.43,101.3374828,5.028776192,44.8,0.35,16.25380753,6.898408468,,,,59.2289
1006.17,127.68,579.11,0.669433212,0.4,0.4,1.93E-12,0.901720376,44.8,0.35,1.198878227,5.738220572,44.8,0.35,2.920344398,1.024682245,70,0.3,8.001535313,0.195922646,70,0.3,12.50112339,2.04936449,24,0.136,26.15761159,2.780443921,3.1,0.32,3.60E-13,3.35000511,1.15,0.43,19.58598978,14.52476202,44.8,0.35,3.36295349,14.72021776,44.8,0.35,1.99E-12,0.688256326,0.4,0.4,2.05E-12,0.927074937,44.8,0.35,1.232588269,5.899567782,44.8,0.35,6.057591919,4.869083117,70,0.3,14.93660872,2.10698851,24,0.136,35.02670829,2.890880746,3.1,0.32,40.47029388,1.666767588,1.15,0.43,4.924957664,1.704633627,1.15,0.43,94.80898257,27.43695471,,,,,,,,62.4276
1017.66,127.26,564.67,0.688160891,0.4,0.4,2.16E-12,0.931260649,44.8,0.35,1.238153363,5.979120557,44.8,0.35,6.03202532,3.174752214,70,0.3,16.19123629,2.116501476,24,0.136,34.34319125,2.651305206,3.1,0.32,3.60E-13,0,1.15,0.43,2.651305206,0,1.15,0.43,8.601162759,40.02450875,44.8,0.35,4.58E-13,2.658935982,44.8,0.35,,0.690147232,0.4,0.4,2.05E-12,0.933948685,44.8,0.35,1.241727229,5.943309815,44.8,0.35,6.102505613,3.183915972,70,0.3,16.76862412,2.122610659,24,0.136,18.21931099,2.738981167,3.1,0.32,81.51777123,1.739529555,1.15,0.43,4.283628281,0.1387469,1.15,0.43,101.8175818,27.82279963,,,,,,,,58.7466
1033.25,130.77,545.16,0.728019828,0.4,0.4,2.10E-12,0.992199056,44.8,0.35,1.319173745,6.313993993,44.8,0.35,6.483118833,3.382496782,70,0.3,17.81448305,2.254997868,24,0.136,44.51036355,2.547077408,3.1,0.32,3.60E-13,0,1.15,0.43,2.547077408,0,1.15,0.43,46.06589362,2.666387063,44.8,0.35,,,,,,0.69260721,0.4,0.4,2.05E-12,0.943936131,44.8,0.35,1.255005992,6.006866285,44.8,0.35,6.167764489,3.217964081,70,0.3,20.03345635,10.49698075,24,0.136,7.268686394,14.97195633,3.1,0.32,10.49654582,0,1.15,0.43,82.85690323,2.86E-12,1.15,0.43,59.18821319,15.25120479,44.8,0.35,,,,,,58.453
1047.23,134.01,527.68,0.781235272,0.4,0.4,2.06E-12,1.057904762,44.8,0.35,1.406532468,6.732121215,44.8,0.35,6.91244589,3.606493508,70,0.3,19.00365748,2.394870673,24,0.136,52.30460221,4.711523476,3.1,0.32,0.17045492,0,1.15,0.43,2.508909194,0,1.15,0.43,41.23772253,4.034588894,44.8,0.35,1.71E-13,2.67210234,44.8,0.35,,0.704195356,0.4,0.4,2.03E-12,0.953581651,44.8,0.35,1.26783015,6.068246872,44.8,0.35,6.230789199,3.250846539,70,0.3,17.23626139,2.254886565,24,0.136,16.74745199,3.008035394,3.1,0.32,20.36505394,0,1.15,0.43,4.330042581,0,1.15,0.43,168.1690776,3.885423969,44.8,0.35,10.50362916,1.211139035,44.8,0.35,,54.3716
979.79,170.48,661.61,1.125154929,2.1,0.32,6.28E-13,4.278147461,2.5,0.27,14.11364957,2.233296757,,,0.366463926,3.084853607,,,11.14800615,3.881873781,,,25.97990093,3.837165221,,,14.68427801,5.666590595,,,3.971714769,1.082570827,3.1,0.32,23.02917497,2.485872464,4.5,0.36,14.748998,1.992337355,4.5,0.36,13.76891796,1.177873536,2.1,0.32,5.09E-13,4.605882337,2.5,0.27,16.92720781,1.95422183,,,0.494108266,4.615142268,,,11.39352423,4.437193921,,,30.03492503,4.587455779,,,2.7129124,0,,,2.592680076,0,,,11.51903588,2.759935778,3.1,0.32,7.967252745,1.605068338,4.5,0.36,40.22174203,58.983
987.83,152.6,602.64,0.6492125,0.4,0.4,1.96E-12,0.880196943,44.8,0.35,1.170261844,5.601253271,44.8,0.35,5.75128684,3.000671395,70,0.3,13.43276806,2.29143068,24,0.136,38.3064334,3.844099613,3.1,0.32,45.08630262,2.711858823,44.8,0.35,,,,,,,,,,,,,,0.676215697,0.4,0.4,1.89E-12,0.916807654,44.8,0.35,1.218937449,5.834230525,44.8,0.35,5.990504557,3.646394078,70,0.3,15.08432782,2.939277216,24,0.136,27.60208915,4.338092869,3.1,0.32,84.96386901,3.809613925,44.8,0.35,11.87825333,8.937799406,44.8,0.35,,,,,,,,,,61.1558
1005,152.56,581.09,0.669594971,0.4,0.4,2.03E-12,0.90002637,44.8,0.35,1.196625969,10.97907809,44.8,0.35,19.85705266,2.045514498,24,0.136,24.69607544,2.765834176,3.1,0.32,60.22309988,2.717993351,44.8,0.35,,,,,,,,,,,,,,,,,,0.689042748,0.4,0.4,2.09E-12,0.926166818,44.8,0.35,1.231380884,5.893788844,44.8,0.35,25.83794931,2.104924603,24,0.136,37.40512092,2.895894576,3.1,0.32,3.07375487,2.631111571,1.15,0.43,0.922274966,2.365321081,1.15,0.43,95.73633211,0.55918044,44.8,0.35,1.24366217,17.92291612,44.8,0.35,,,,,,63.5101
1036.29,152.97,541.8,0.741393642,0.4,0.4,2.07E-12,1.00751147,44.8,0.35,1.339532296,6.411436628,44.8,0.35,6.583171538,4.007147893,70,0.3,16.45353732,3.35322228,24,0.136,46.55505152,2.534060399,3.1,0.32,52.41459131,2.724677202,44.8,0.35,,,,,,,,,,,,,,0.695937481,0.4,0.4,2.15E-12,0.945739151,44.8,0.35,1.25740319,6.018340055,44.8,0.35,6.179545592,3.224110744,70,0.3,15.905613,3.224110745,24,0.136,32.1670355,2.808151481,3.1,0.32,9.316820232,0,1.15,0.43,10.26561895,0.087483217,1.15,0.43,140.0357876,3.495570284,44.8,0.35,4.566775886,5.176692621,44.8,0.35,,56.9121
1043.27,154.02,533.06,0.760295444,0.4,0.4,2.29E-12,1.030777593,44.8,0.35,1.370465664,6.559493775,44.8,0.35,6.735194501,3.514014522,70,0.3,17.47820826,3.371611247,24,0.136,52.17557218,2.519660594,3.1,0.32,3.41E-13,0,1.15,0.43,7.558981781,0,1.15,0.43,40.16885287,4.112195123,44.8,0.35,3.27E-13,2.729859953,44.8,0.35,,0.701114404,0.4,0.4,2.03E-12,0.950542349,44.8,0.35,1.26378926,6.048905858,44.8,0.35,6.210930122,3.240485281,70,0.3,17.00067858,2.226200752,24,0.136,25.31596954,6.400509159,3.1,0.32,11.6909138,0,1.15,0.43,4.385438471,0.640582702,1.15,0.43,134.6227028,11.82581632,44.8,0.35,6.417026622,18.34154418,44.8,0.35,,57.5578
993.38,177.39,596.17,0.547458243,70,0.3,0.100674399,0,70,0.3,0.302023196,7.2485567,44.8,0.35,7.751928694,3.020231959,70,0.3,14.0772396,2.000291412,24,0.136,26.18877713,3.310351898,3.1,0.32,63.22033797,2.790671537,44.8,0.35,,,,,,,,,,,,,,0.568208183,70,0.3,0.104490192,0,70,0.3,0.313470577,7.523293859,44.8,0.35,8.045744821,3.134705774,70,0.3,8.366880338,2.08213891,24,0.136,43.09345156,1.856199233,3.1,0.32,100.0364046,23.11284885,44.8,0.35,268.5749821,2.460742437,2.1,0.35,11.95552486,3.4237088,2.1,0.35,13.17518825,3.562702808,2.1,0.35,,62.1995
1009.45,178.35,576.02,0.569686533,70,0.3,0.103874916,1.14E-13,0.4,0.4,9.71E-13,7.790618717,44.8,0.35,7.998368549,3.116247487,70,0.3,8.309993298,2.077498324,24,0.136,33.0581618,2.598921391,3.1,0.32,62.80537492,4.468406122,44.8,0.35,1.83E-12,2.801836862,44.8,0.35,,,,,,,,,,0.578666228,70,0.3,0.105512247,0,70,0.3,1.14E-12,7.913418505,44.8,0.35,8.124442998,3.557393203,70,0.3,14.37968874,2.110244947,24,0.136,149.7634054,0.706417279,44.8,0.35,11.49516111,3.34538427,44.8,0.35,,,,,,,,,,,,,,58.911
1021.72,175.8,560.56,0.591008909,70,0.3,0.108002689,0,70,0.3,1.490437114,6.609764593,44.8,0.35,8.316207086,3.240080683,70,0.3,15.12037652,2.160053803,24,0.136,39.35123852,2.739129111,3.1,0.32,58.55664242,2.799066327,44.8,0.35,,,,,,,,,,,,,,0.582030263,70,0.3,0.106361905,0,70,0.3,1.467794295,6.509348611,44.8,0.35,8.189866716,3.190857162,70,0.3,14.89066676,2.127238115,24,0.136,166.5264313,0.723186329,44.8,0.35,2.352602985,28.14971828,44.8,0.35,323.0294622,7.067100356,2.1,0.35,12.25610023,9.934892294,2.1,0.35,,,,,,53.8471
1042.39,192.51,534.95,0.646600501,70,0.3,0.118021855,0,70,0.3,17.93932198,3.540655655,70,0.3,16.52305972,2.36043711,24,0.136,14.16262261,2.950546379,3.1,0.32,101.2031637,2.85302358,44.8,0.35,,,,,,,,,,,,,,,,,,0.591127289,70,0.3,0.107896513,0,70,0.3,16.40026996,3.236895387,70,0.3,15.10551181,2.157930254,24,0.136,21.96316471,4.388224669,3.1,0.32,172.296284,4.760829372,3.1,0.32,41.70705136,2.309768844,2.4,0,0,2.425257313,2.4,0,,,,,,,,,,54.4221
1021.91,148.45,559.77,0.70341234,0.4,0.4,2.12E-12,0.949266021,44.8,0.35,1.262092324,6.040783771,44.8,0.35,6.20259048,3.751403005,70,0.3,16.52837109,2.157422792,24,0.136,36.36926716,2.607693167,3.1,0.32,3.41E-13,0,1.15,0.43,2.607693167,0,1.15,0.43,51.23576027,2.707331065,44.8,0.35,,,,,,0.693865143,0.4,0.4,2.05E-12,0.93638193,44.8,0.35,1.244962338,5.958794097,44.8,0.35,6.118404653,3.724107429,70,0.3,15.43587941,0.275515247,24,0.136,0.401539643,2.295622073,24,0.136,34.52711628,4.785631398,3.1,0.32,0.024061835,2.688434504,3.1,0.32,0.842301623,3.691657759,3.1,0.32,2.032093899,0,1.15,0.43,2.206965734,57.2612
1015.71,152.98,567.64,0.680631724,0.4,0.4,1.94E-12,0.924878816,44.8,0.35,1.229668426,5.885592466,44.8,0.35,6.043242264,3.152995964,70,0.3,16.45791376,2.249862307,24,0.136,32.51806051,2.671258161,3.1,0.32,56.25808191,2.728446087,44.8,0.35,,,,,,,,,,,,,,0.686238841,0.4,0.4,1.96E-12,0.932498067,44.8,0.35,1.239798567,5.93407861,44.8,0.35,6.093027145,3.178970684,70,0.3,15.79115044,3.070742297,24,0.136,23.43753163,5.294579783,3.1,0.32,8.237201069,0.804280747,1.15,0.43,6.020482231,0.845445328,1.15,0.43,113.5621263,0.71539227,44.8,0.35,2.327248071,18.90453113,44.8,0.35,,58.6696
1019.05,210.73,564.64,0.703035579,44.8,0.35,4.69E-13,0.943757393,44.8,0.35,1.254768353,7.292670768,44.8,0.35,5.030016356,0.010724516,4.5,0.36,1.769326683,3.421477728,70,0.3,14.81019919,2.144903181,24,0.136,26.96249269,3.344618259,3.1,0.32,82.95179463,2.902091217,44.8,0.35,,,,,,,,,,0.695740932,44.8,0.35,2.27E-13,0.933965034,44.8,0.35,1.241748966,7.217002539,44.8,0.35,3.916501364,0.010613239,4.5,0.36,2.812292179,3.183971708,70,0.3,14.85853464,2.122647812,24,0.136,12.73588683,2.653309757,3.1,0.32,196.613087,0.646811424,44.8,0.35,2.012880869,2.14040935,44.8,0.35,22.08721463,4.094323849,44.8,0.35,15.15476494,57.5443
1031.63,219.51,549.02,0.729486849,44.8,0.35,4.69E-13,0.983382089,44.8,0.35,1.307451187,7.151869739,44.8,0.35,5.688199003,0.011174796,4.5,0.36,1.845035828,4.257457663,70,0.3,14.73827432,2.234959303,24,0.136,13.40975576,2.793699117,3.1,0.32,107.7030388,2.932056298,44.8,0.35,,,,,,,,,,0.698713197,44.8,0.35,3.22E-13,0.94189778,44.8,0.35,1.252295913,6.850165675,44.8,0.35,5.448240388,0.010703384,4.5,0.36,1.766027728,4.994227763,70,0.3,13.20133742,2.140676773,24,0.136,14.69463704,2.324213016,3.1,0.32,13.89642178,0.659710582,3.1,0.32,232.3211642,1.168881909,2.4,0,1.42E-13,2.337763872,2.4,0,0,59.0014
1001.85,236.08,586.74,0.664755154,44.8,0.35,2.54E-13,0.904615424,44.8,0.35,1.202727325,6.990210094,44.8,0.35,4.821398391,0.010279721,4.5,0.36,1.69594455,3.083916218,70,0.3,14.39160902,2.055944163,24,0.136,118.6855465,2.879079377,44.8,0.35,,,,,,,,,,,,,,0.678718608,44.8,0.35,3.22E-13,0.923617241,44.8,0.35,1.227991105,6.717216299,44.8,0.35,5.342499856,0.01049565,4.5,0.36,1.731568559,3.14869514,70,0.3,14.69391065,2.099130107,24,0.136,14.71342246,2.975590379,3.1,0.32,251.8881084,0.629600868,44.8,0.35,21.50984977,7.815135559,0.02,0.3,4.560520519,6.813647678,2.2,0.36,63.25927309,63.3179
1019.16,241.35,565.12,0.699247192,44.8,0.35,1.61E-13,0.945870643,44.8,0.35,1.257578014,6.879059221,44.8,0.35,0.171980429,0.537576579,44.8,0.35,0.698276816,1.042834972,44.8,0.35,3.02055191,0.01074853,4.5,0.36,1.773288537,3.22455901,70,0.3,45.03504665,2.688426703,3.1,0.32,97.05696061,2.870886089,44.8,0.35,,,,,,0.690270514,44.8,0.35,3.22E-13,0.933727903,44.8,0.35,1.241433689,6.790748386,44.8,0.35,0.169772607,0.531059298,44.8,0.35,4.700151278,0.010610544,4.5,0.36,2.718611744,23.68899785,70,0.3,8.235601614,2.921874337,3.1,0.32,213.0515375,3.049934826,3.1,0.32,9.168901854,4.724793632,3.1,0.32,11.34425066,12.03764544,3.1,0.32,2.895414945,60.2656
1029.59,244.09,552.08,0.719814654,44.8,0.35,2.54E-13,0.974050199,44.8,0.35,1.295044014,7.084001445,44.8,0.35,0.177104102,0.55509483,44.8,0.35,4.902021408,0.011068752,4.5,0.36,5.754353392,4.826914199,70,0.3,10.06172993,2.21375046,24,0.136,13.2825027,2.767188064,3.1,0.32,118.289009,2.867081379,44.8,0.35,,,,,,0.694874939,44.8,0.35,3.22E-13,0.94030188,44.8,0.35,1.25017409,6.838559124,44.8,0.35,0.170967903,0.536868257,44.8,0.35,4.731173024,0.010685249,4.5,0.36,23.60452139,3.071495679,70,0.3,8.211102088,2.671312158,3.1,0.32,10.02335476,2.760860454,3.1,0.32,159.9668112,18.70915965,3.1,0.32,11.82718976,5.163761692,2.4,0,6.36E-14,60.2395
1004.12,207.16,583.3,0.665891664,44.8,0.35,2.54E-13,0.904841562,44.8,0.35,1.203027985,11.81456118,4.5,0.36,0.01028229,9.984041627,44.8,0.35,117.5134101,2.873685961,44.8,0.35,,,,,,,,,,,,,,,,,,,,,,0.680844769,44.8,0.35,4.10E-13,0.925160469,44.8,0.35,1.230042896,11.10068228,44.8,0.35,0.979183874,0.010513187,4.5,0.36,1.734461753,3.153956143,70,0.3,14.718462,2.102637442,24,0.136,12.61582456,2.628296786,3.1,0.32,166.6468946,1.061504707,44.8,0.35,59.25394558,3.277957138,0.02,0.3,48.27646441,3.725658291,2.2,0.36,74.4880645,64.4937
1027.12,194.51,554.16,0.597466665,70,0.3,0.109492092,0,70,0.3,1.63E-12,8.997764021,44.8,0.35,0.692286139,0.054746046,44.8,0.35,6.898001809,3.284762766,70,0.3,15.32889291,2.189841856,24,0.136,13.13905106,2.737302305,3.1,0.32,94.66042293,2.856700139,44.8,0.35,,,,,,,,,,0.582396934,70,0.3,0.106730405,0,70,0.3,1.64E-12,8.927190734,44.8,0.35,0.518450072,0.053365202,44.8,0.35,6.724015489,3.463605418,70,0.3,14.68056336,2.134608095,24,0.136,12.80764855,2.668260115,3.1,0.32,160.3706735,0.841267733,44.8,0.35,39.59946153,5.51734332,44.8,0.35,1.95588226,10.36395076,44.8,0.35,3.090113674,58.0041
990.51,223.15,600.72,0.554281515,70,0.3,0.100684224,0,70,0.3,17.06992672,6.608245585,70,0.3,20.69970668,2.944477202,3.1,0.32,7.651700939,2.61932544,3.1,0.32,87.30808749,2.885370391,44.8,0.35,,,,,,,,,,,,,,,,,,0.574038217,70,0.3,0.104272993,1.14E-13,0.4,0.4,0.312818979,2.772245281,44.8,0.35,0.353131627,5.842100481,44.8,0.35,9.317884819,15.78304324,70,0.3,28.2868443,2.606824822,3.1,0.32,214.7901222,6.47085846,0.02,0.3,92.57601645,5.42548331,2.2,0.36,32.6501732,2.645805124,2.2,0.36,,,,,,61.2846
982.21,186.18,610.39,0.553529687,70,0.3,0.100015972,1.14E-13,0.4,0.4,1.100175292,1.700271521,0.4,0.4,68.695803,3.868929812,3.1,0.32,53.9280172,2.802345039,44.8,0.35,,,,,,,,,,,,,,,,,,,,,,0.574623618,70,0.3,0.103827384,0,70,0.3,1.142100814,1.765065534,0.4,0.4,12.87459609,3.696985543,70,0.3,2.54195524,3.991140429,70,0.3,145.5162699,6.384752583,44.8,0.35,,,,,,,,,,,,,,,,,,57.6525
988.93,256.68,603.39,0.555398243,70,0.3,0.100822534,0,70,0.3,8.132861947,10.72095188,70,0.3,9.12470467,0.194146825,24,0.136,32.42167751,2.520563345,3.1,0.32,94.58929716,2.73239486,44.8,0.35,,,,,,,,,,,,,,,,,,0.5737156,70,0.3,0.10414772,0,70,0.3,15.83045337,3.645170183,70,0.3,14.05994213,2.082954408,24,0.136,26.97425934,2.603692988,3.1,0.32,52.49335876,3.720320665,44.8,0.35,133.2392913,1.733094657,2.291517,0.3,2.82926239,4.955727023,2.291517,0.3,0.498227004,2.149660125,2.291517,0.3,6.65E-07,1.832100366,2.291517,0.3,0.317559094,59.2724
1001.85,261.72,587.27,0.669908357,44.8,0.35,2.54E-13,0.906641334,44.8,0.35,1.205420864,7.005864853,44.8,0.35,4.83219604,0.010302742,4.5,0.36,1.699742662,3.090822729,70,0.3,14.4238394,2.060548503,24,0.136,26.68410288,2.575685608,3.1,0.32,98.2838739,2.707327058,44.8,0.35,,,,,,,,,,0.682278389,44.8,0.35,4.10E-13,0.923382702,44.8,0.35,1.227679274,6.983162868,44.8,0.35,5.073490897,0.010492985,4.5,0.36,1.731128852,3.147895575,70,0.3,33.09912033,2.977106213,3.1,0.32,40.53491893,3.729182765,44.8,0.35,7.128363319,2.997279773,44.8,0.35,139.4403653,2.194346946,2.291517,0.3,15.5588268,2.498329919,2.291517,0.3,2.268220501,63.5242
1015.13,265.57,570.67,0.687170466,44.8,0.35,4.69E-13,0.934204178,44.8,0.35,1.242066918,6.794212203,44.8,0.35,0.169859205,0.530661671,44.8,0.35,4.703217236,0.010615957,4.5,0.36,1.751416615,3.18478697,70,0.3,14.86233919,2.123191326,24,0.136,27.4953275,2.653989142,3.1,0.32,103.4300425,2.696937106,44.8,0.35,,,,,,0.684841564,44.8,0.35,3.22E-13,0.931038049,44.8,0.35,1.237857406,6.771185812,44.8,0.35,0.169283532,0.52935748,44.8,0.35,4.686783191,0.010579978,4.5,0.36,1.745480856,3.173993349,70,0.3,45.33185183,2.17666927,70,0.3,4.854304128,1.494369339,70,0.3,14.45822036,4.431737071,44.8,0.35,125.0251374,2.539675755,2.291517,0.3,1.690009521,60.7625
1025.09,267.54,558.2,0.708128362,44.8,0.35,2.27E-13,0.967125571,44.8,0.35,1.285837407,7.033640519,44.8,0.35,0.17584505,0.550833355,44.8,0.35,4.867487659,0.010990063,4.5,0.36,1.867181974,3.242973628,70,0.3,15.5728609,2.011106698,24,0.136,23.14569032,7.184617173,3.1,0.32,108.307848,2.679715354,44.8,0.35,,,,,,0.686194705,44.8,0.35,4.10E-13,0.937169702,44.8,0.35,1.246009717,6.815779648,44.8,0.35,0.170398403,0.534963904,44.8,0.35,4.715529349,0.010649656,4.5,0.36,23.58877047,2.821610979,70,0.3,17.36344275,6.398051389,44.8,0.35,1.877363714,7.82234881,3.1,0.32,8.5897858,3.03857527,3.1,0.32,125.0085161,2.50621224,2.291517,0.3,10.44865428,62.9286
1027.41,271.07,555.37,0.721807547,44.8,0.35,4.55E-13,0.975666336,44.8,0.35,1.297192742,7.095755171,44.8,0.35,0.177397952,0.556088255,44.8,0.35,4.910082393,0.011087117,4.5,0.36,2.949877485,3.025773866,70,0.3,14.70159689,2.217423499,24,0.136,16.32582277,10.36703447,3.1,0.32,72.49283944,11.02644988,44.8,0.35,30.170869,2.664599903,44.8,0.35,,0.694392472,44.8,0.35,3.22E-13,0.938609414,44.8,0.35,1.247923879,6.82625028,44.8,0.35,0.170660175,0.536198721,44.8,0.35,4.722360518,0.010666016,4.5,0.36,23.62500834,2.61703009,70,0.3,16.75470441,4.621123809,3.1,0.32,22.23528027,3.047374434,3.1,0.32,122.7716691,23.83618045,2.291517,0.3,49.12694019,6.782770584,,,18.61641764,62.718
989.04,287.3,603.88,0.556845526,70,0.3,0.10085817,0,70,0.3,15.33044191,3.025745113,70,0.3,7.06998292,2.318312143,24,0.136,4.34E-06,29.54295439,1,0.001,3.328319625,0.381051118,1,0.001,2.140403143,98.05137936,44.8,0.35,2.646000076,41.99043968,44.8,0.35,,,,,,,,,,0.574881646,70,0.3,0.104124947,0,70,0.3,15.826992,3.123748421,70,0.3,14.57749263,2.082498964,24,0.136,26.96836136,2.603123684,3.1,0.32,46.58456632,3.109920219,44.8,0.35,51.55908122,3.185586578,,,132.5142356,12.07376065,,,20.72194026,0.624422782,44.8,0.35,48.17220355,6.30771888,2.2,0.36,,61.121
1003.16,287.51,586.15,0.670559161,44.8,0.35,5.08E-13,0.909748827,44.8,0.35,1.209552418,7.029877299,44.8,0.35,4.848758284,0.010338055,4.5,0.36,1.705568492,3.101416455,70,0.3,14.47327679,2.067610986,24,0.136,26.77556205,2.584513713,3.1,0.32,100.8156861,2.646000126,44.8,0.35,,,,,,,,,,0.680975479,44.8,0.35,4.10E-13,0.923880664,44.8,0.35,1.228341338,6.719132103,44.8,0.35,0.167982159,0.524881405,44.8,0.35,4.651160016,0.010498644,4.5,0.36,1.732062416,3.149593173,70,0.3,14.69810148,2.099728792,24,0.136,15.86183771,2.973836101,3.1,0.32,17.58902968,14.24087404,44.8,0.35,1.167916497,3.046345414,44.8,0.35,49.1928318,67.7787
1015.89,293.89,570.3,0.694680976,44.8,0.35,2.54E-13,0.93976118,44.8,0.35,1.249455206,6.834626767,44.8,0.35,0.170869592,0.533784625,44.8,0.35,4.731227389,0.010679104,4.5,0.36,1.761834709,3.203731297,70,0.3,14.95074605,2.135820875,24,0.136,27.65888019,2.669776081,3.1,0.32,104.9017176,2.646022104,44.8,0.35,,,,,,0.688364474,44.8,0.35,2.54E-13,0.931216245,44.8,0.35,1.238094326,6.772481783,44.8,0.35,0.169315932,0.52921825,44.8,0.35,4.687920764,0.010582003,4.5,0.36,1.745814933,3.703700975,70,0.3,13.30458765,0.927210581,24,0.136,83.30298873,3.066509607,,,144.7980964,2.869193416,,,,,,,,65.6049
1022.73,297.58,561.78,0.704083919,44.8,0.35,1.61E-13,0.959207893,44.8,0.35,1.275310494,6.976057403,44.8,0.35,0.174405439,0.545284705,44.8,0.35,4.828677515,0.01090009,4.5,0.36,1.798292794,3.815031392,70,0.3,14.71512108,2.180017947,24,0.136,28.2312323,2.641341882,3.1,0.32,107.7181955,2.646027255,44.8,0.35,,,,,,0.686590666,44.8,0.35,3.22E-13,0.935375981,44.8,0.35,1.243624883,6.802734405,44.8,0.35,0.170072264,0.532203543,44.8,0.35,4.708240389,0.010629273,4.5,0.36,4.719195411,21.10282568,70,0.3,37.10657931,5.648797267,3.1,0.32,22.52509717,3.039487299,,,145.5014073,2.849157658,,,21.22787539,3.762814724,,,3.408642124,67.1669
989.95,313.24,603.26,0.552314331,70,0.3,0.10093165,0,70,0.3,15.34161086,3.027949512,70,0.3,6.755980467,2.459475468,24,0.136,16.00492654,3.58464776,3.1,0.32,114.480541,2.646027864,44.8,0.35,,,,,,,,,,,,,,,,,,0.569945766,70,0.3,0.104153674,0,70,0.3,15.92852542,3.303154652,70,0.3,14.30580301,1.995346456,24,0.136,129.9336696,3.183199978,,,141.9063833,2.955864556,,,18.0122477,1.026262399,44.8,0.35,,,,,,,,,,,,,,60.6311
1003.68,311.76,586,0.675374355,44.8,0.35,2.54E-13,0.91013551,44.8,0.35,1.210066531,7.032865308,44.8,0.35,4.850819221,0.010342449,4.5,0.36,1.706293434,3.619857144,70,0.3,13.96230613,2.06848981,24,0.136,26.32891068,3.043644417,3.1,0.32,101.19873,2.646041693,44.8,0.35,,,,,,,,,,0.685624657,44.8,0.35,4.10E-13,0.923948832,44.8,0.35,1.22843197,6.719627869,44.8,0.35,0.167994553,0.524934084,44.8,0.35,4.651489247,0.010499419,4.5,0.36,1.732190215,3.674796491,70,0.3,14.17421504,2.099883717,24,0.136,16.54621483,2.973365439,3.1,0.32,84.30067456,3.119547308,,,143.4986158,2.908566977,,,14.27762695,66.0566
1015.61,322.83,571.25,0.697898195,44.8,0.35,2.54E-13,0.938121386,44.8,0.35,1.247275025,6.822700989,44.8,0.35,0.170571441,0.532970518,44.8,0.35,4.722854547,0.01066047,4.5,0.36,2.913174088,3.08689901,70,0.3,7.212069855,2.09451187,24,0.136,34.33109263,2.818035232,3.1,0.32,104.8793504,2.646059125,44.8,0.35,,,,,,0.692424047,44.8,0.35,2.54E-13,0.930762984,44.8,0.35,1.237491695,6.76918534,44.8,0.35,0.169233519,0.5289377,44.8,0.35,4.685661919,0.010576852,4.5,0.36,6.073146824,3.897131048,70,0.3,9.687528718,11.45309246,24,0.136,17.90499754,2.714074621,3.1,0.32,52.55860241,3.069589146,,,144.794286,2.871478014,,,,66.71
990.36,339.09,603.27,0.550001451,70,0.3,0.10094554,1.14E-13,0.4,0.4,22.78906617,2.648029033,24,0.136,7.482411596,2.255123197,,,22.16243693,3.315925763,1,0.001,0.015277068,2.523638509,3.1,0.32,98.82318303,2.646062624,44.8,0.35,,,,,,,,,,,,,,0.567478042,70,0.3,0.104153139,1.14E-13,0.4,0.4,36.32331609,6.050088143,70,0.3,20.22263235,2.603828477,3.1,0.32,100.2568086,3.183244291,,,40.63495954,5.652839407,,,2.512416543,3.47910036,,,3.669059584,7.543878888,,,0.530333443,35.77978136,,,3.953258661,4.086474277,,,34.13196315,61.9683
1004.33,333.62,585.62,0.668943701,44.8,0.35,1.61E-13,0.910917868,44.8,0.35,1.211106711,7.038910797,44.8,0.35,4.854989011,0.010351339,4.5,0.36,3.893663504,10.83760829,70,0.3,7.252805047,3.195254837,70,0.3,5.399037587,9.073565813,70,0.3,8.533339036,2.587834852,3.1,0.32,101.5926349,2.646089883,44.8,0.35,,,,,,0.678636471,44.8,0.35,4.10E-13,0.924116763,44.8,0.35,1.228655242,6.720849187,44.8,0.35,0.168025087,0.525078128,44.8,0.35,4.652286038,0.010501327,4.5,0.36,3.110654631,3.651662274,70,0.3,6.250349582,2.139071457,24,0.136,26.72928434,1.751776914,24,0.136,5.25066343,0.581267202,3.1,0.32,75.46579042,3.118226056,,,79.10458058,69.7901
1016.22,345.49,570.94,0.693468026,44.8,0.35,2.54E-13,0.938825671,44.8,0.35,1.248211404,6.827823065,44.8,0.35,0.170699495,0.533469138,44.8,0.35,4.726301686,0.010668474,4.5,0.36,7.201218785,5.064063443,70,0.3,37.39624481,2.667118385,3.1,0.32,105.4819705,2.646013108,44.8,0.35,,,,,,,,,,0.687620859,44.8,0.35,2.54E-13,0.930909704,44.8,0.35,1.237686765,6.77025239,44.8,0.35,0.169260195,0.529114358,44.8,0.35,4.686307257,0.010578519,4.5,0.36,41.82007893,2.13345355,24,0.136,59.87955054,3.068589252,,,144.8780632,2.870736204,,,,,,,,,,,,67.2905
988.83,363.77,605.71,0.557824538,70,0.3,0.100733188,0,70,0.3,1.108064565,1.7124642,0.4,0.4,1.007332387,5.978490403,24,0.136,2.173277055,6.074799081,24,0.136,8.825973474,17.35673025,3.1,0.32,117.7239038,2.646031897,44.8,0.35,,,,,,,,,,,,,,0.576138247,70,0.3,0.104040318,1.14E-13,0.4,0.4,1.144442978,1.768685411,0.4,0.4,12.901,3.641411143,70,0.3,6.063695429,2.115475713,24,0.136,34.89352067,2.601007959,3.1,0.32,104.0269244,3.192709282,,,40.65890649,5.669051875,,,2.519622209,6.677374065,,,3.008276481,43.98240061,,,4.283357756,59.8988
999.1,352.79,592.58,0.662129101,44.8,0.35,3.60E-13,0.900463476,44.8,0.35,1.197207121,6.599987974,44.8,0.35,5.157408315,0.010232539,4.5,0.36,1.688160607,3.069761849,70,0.3,6.693069412,2.026336474,24,0.136,30.77819657,3.069761849,1,0.001,0.306976185,2.558134874,3.1,0.32,100.5322616,2.646105776,44.8,0.35,,,,,,0.67727016,44.8,0.35,4.10E-13,0.921054582,44.8,0.35,1.224583933,6.698578781,44.8,0.35,5.327676612,0.010466529,4.5,0.36,1.836279016,3.255212485,70,0.3,7.364845813,2.130666194,24,0.136,34.13447742,2.616632336,3.1,0.32,83.84030665,3.143128682,,,57.17727776,4.757943171,,,3.302274876,11.81313391,,,6.716519547,65.7495
1015.63,371.15,572.2,0.682871411,44.8,0.35,5.08E-13,0.92936822,44.8,0.35,1.235637293,6.759041601,44.8,0.35,0.168979919,0.528027134,44.8,0.35,4.678758319,0.010561003,4.5,0.36,3.08345941,3.084167572,70,0.3,6.898085595,2.078151754,24,0.136,34.01738721,2.640250625,3.1,0.32,104.7577323,2.649304,44.8,0.35,,,,,,0.683561927,44.8,0.35,3.41E-13,0.930307993,44.8,0.35,1.236886763,6.765876312,44.8,0.35,0.169150791,0.528706231,44.8,0.35,4.683344299,0.010571682,4.5,0.36,6.649543946,3.697596394,70,0.3,5.148259503,7.396767347,24,0.136,4.569423039,15.83980146,24,0.136,5.909571483,5.814424952,3.1,0.32,50.56505135,3.072708707,,,144.8391434,67.947
1072.4,-71.67,491.87,0.924188536,0.4,0.4,2.52E-12,1.253178599,44.8,0.35,1.66615791,7.120332948,44.8,0.35,0.227855885,0.711661175,44.8,0.35,3.304201376,0.099684661,44.8,0.35,4.699419746,4.272199769,70,0.3,42.57959103,2.848133179,24,0.136,4.272199769,3.560166474,3.1,0.32,80.75509333,0,1.15,0.43,2.500010982,0,1.15,0.43,9.991261798,0.719374074,0.4,0.4,1.98E-12,0.975454855,44.8,0.35,1.296911568,5.54235713,44.8,0.35,0.1773595,0.553599596,44.8,0.35,2.572285753,0.077593,44.8,0.35,3.657955706,3.325414278,70,0.3,33.14329564,2.216942852,24,0.136,3.325414278,2.771178565,3.1,0.32,28.78302858,2.60E-13,1.15,0.43,2.973453125,2.86E-13,1.15,0.43,88.9853502,68.4764
1000.36,373.15,591.42,0.662962568,44.8,0.35,4.10E-13,0.896676584,44.8,0.35,1.192172277,7.132654647,44.8,0.35,4.575296014,0.010189507,4.5,0.36,1.681061062,3.082906946,70,0.3,6.746009672,2.020049001,24,0.136,27.87218394,3.39082064,3.1,0.32,105.9128819,2.649433135,44.8,0.35,,,,,,,,,,0.68135945,44.8,0.35,4.10E-13,0.921558914,44.8,0.35,1.225254465,7.121137062,44.8,0.35,4.911703412,0.01047226,4.5,0.36,1.727709672,3.141678115,70,0.3,7.679542171,2.132052878,24,0.136,34.06717597,2.618065096,3.1,0.32,82.06149534,3.138905522,,,61.57579844,24.55182744,,,11.68162495,3.619627873,,,4.213719546,66.2967
987.74,389.33,607.59,0.549989705,70,0.3,0.100589212,0,70,0.3,1.106480826,1.710016611,0.4,0.4,4.088940373,3.658091445,24,0.136,4.373590629,3.635854333,,,7.274188405,3.12884217,3.1,0.32,22.16497416,10.68784743,3.1,0.32,100.2119531,2.646057023,44.8,0.35,,,,,,,,,,0.568387065,70,0.3,0.103953959,0,70,0.3,1.143493019,1.7672173,0.4,0.4,5.649522969,4.399624103,24,0.136,49.51647192,2.598848973,3.1,0.32,106.9594094,3.200122943,,,141.688054,2.968441479,,,18.68356573,0.627121598,44.8,0.35,,,,,,,,,,64.1891
995.83,397.27,597.6,0.559112334,70,0.3,0.101650691,0,70,0.3,3.60E-13,9.046911488,44.8,0.35,6.403993525,3.557774181,70,0.3,7.702422511,2.127616581,24,0.136,28.89887413,3.049520726,1,0.001,0.304952073,2.541267272,3.1,0.32,100.3470317,2.646006867,44.8,0.35,,,,,,,,,,0.574352831,70,0.3,0.104421524,0,70,0.3,0.313264572,9.13688336,44.8,0.35,4.688739111,0.010442152,4.5,0.36,1.722742469,3.132645723,70,0.3,14.61901338,2.08843049,24,0.136,27.04517474,2.610538103,3.1,0.32,91.43278505,3.161668839,,,142.6672189,2.939863227,,,17.73036603,0.619981441,44.8,0.35,,61.7271
1011.2,393.68,578.23,0.682050684,44.8,0.35,4.69E-13,0.921938296,44.8,0.35,1.22575887,7.396301672,44.8,0.35,4.64149241,0.010476572,4.5,0.36,1.728420925,3.457268609,70,0.3,13.96553324,2.482684091,24,0.136,27.13432029,2.619142886,3.1,0.32,104.3035555,2.652233738,44.8,0.35,,,,,,,,,,0.68615096,44.8,0.35,4.10E-13,0.9274807,44.8,0.35,1.233127749,6.745314182,44.8,0.35,0.168636726,0.526802692,44.8,0.35,4.66940793,0.010539553,4.5,0.36,1.73881165,3.161866023,70,0.3,14.75537477,2.107910682,24,0.136,21.03884064,2.951243544,3.1,0.32,68.40052457,3.09275693,,,144.3888053,2.888672175,,,,71.8274
1020.79,401.9,566.36,0.704163835,44.8,0.35,3.60E-13,0.94921529,44.8,0.35,1.262024874,6.903383926,44.8,0.35,0.17258856,0.539312594,44.8,0.35,4.778666067,0.010786537,4.5,0.36,1.779558976,3.235961216,70,0.3,15.10115234,2.15730748,24,0.136,27.93713183,2.696634346,3.1,0.32,107.7280525,2.6460001,44.8,0.35,,,,,,0.69222537,44.8,0.35,4.10E-13,0.933122198,44.8,0.35,1.240628377,6.78634326,44.8,0.35,0.169662476,0.530460256,44.8,0.35,4.69735686,0.010603661,4.5,0.36,1.749388153,3.685126353,70,0.3,14.34109793,2.120732264,24,0.136,12.72439362,2.650915336,3.1,0.32,60.0730125,3.053858016,,,145.3999238,2.859810244,,,,66.5041
1010.44,425.82,579.84,0.681233872,44.8,0.35,5.08E-13,0.92210486,44.8,0.35,1.225980326,6.706217165,44.8,0.35,0.167659278,0.523737905,44.8,0.35,4.642354575,0.010478464,4.5,0.36,1.728733195,3.253424507,70,0.3,14.55996484,2.09569287,24,0.136,27.13922259,2.61961608,3.1,0.32,70.68461969,0.580058674,44.8,0.35,0.598703794,4.343400071,44.8,0.35,28.03122662,0.684656833,44.8,0.35,4.10E-13,0.926738114,44.8,0.35,1.232140447,6.739913556,44.8,0.35,0.168501707,0.526193583,44.8,0.35,4.665856701,0.010531115,4.5,0.36,1.737419473,3.159334479,70,0.3,14.7435609,2.106222985,24,0.136,24.10922822,2.955551473,3.1,0.32,67.62614083,3.098221498,,,144.3342032,2.892729297,,,33.97814981,69.985
995.05,426.12,599.17,0.558592806,70,0.3,0.10147317,0,70,0.3,4.10E-13,4.161431415,44.8,0.35,0.59109315,3.162382698,44.8,0.35,0.714990402,0.063677871,44.8,0.35,13.59748095,4.121094506,24,0.136,18.35282681,4.6783421,3.1,0.32,114.6013024,2.646005465,44.8,0.35,,,,,,,,,,0.574410003,70,0.3,0.1043465,0,70,0.3,3.22E-13,9.286838459,44.8,0.35,4.692554737,0.03485622,4.5,0.36,0.114479147,0.01043465,4.5,0.36,1.721504716,3.130394986,70,0.3,14.60488401,2.090555919,24,0.136,26.86947847,2.602250518,3.1,0.32,93.97471482,3.167572151,,,142.5964789,2.944250282,,,18.00623564,63.3149
1007.79,456.67,583.8,0.677402162,44.8,0.35,5.08E-13,0.915250462,44.8,0.35,1.216867092,7.072389935,44.8,0.35,4.878080772,0.010400573,4.5,0.36,1.715882785,3.12017203,70,0.3,14.02162202,2.057164059,24,0.136,24.39924538,3.100371231,3.1,0.32,0.359361825,2.240781534,3.1,0.32,103.7457273,2.646004044,44.8,0.35,,,,,,0.684570476,44.8,0.35,5.08E-13,0.924935702,44.8,0.35,1.229744059,6.726805109,44.8,0.35,0.168173988,0.525575477,44.8,0.35,4.656376796,0.010510633,4.5,0.36,1.734040369,3.184239461,70,0.3,15.01747405,1.587296168,24,0.136,27.40373242,2.627268214,3.1,0.32,70.58439242,3.111852893,,,144.0712351,2.902851942,,,13.45733048,69.5904
1027.29,462.77,559.43,0.707624295,44.8,0.35,4.69E-13,0.966275287,44.8,0.35,1.284706916,7.027456632,44.8,0.35,5.589247744,0.010980401,4.5,0.36,1.811542522,3.294120296,70,0.3,15.37256138,2.196080195,24,0.136,28.43923856,2.745100247,3.1,0.32,110.945785,2.646006861,44.8,0.35,,,,,,,,,,0.685855987,44.8,0.35,4.10E-13,0.936550223,44.8,0.35,1.245186092,6.811274347,44.8,0.35,5.41730839,0.010642616,4.5,0.36,1.755814906,10.63324432,70,0.3,7.459203165,2.128523223,24,0.136,12.77113941,2.660654042,3.1,0.32,4.78568899,3.396779482,3.1,0.32,42.10499998,3.032238835,,,146.1104782,2.843787114,,,15.5221772,63.0721
1023.67,485.38,564.45,0.707338031,44.8,0.35,4.69E-13,0.954364654,44.8,0.35,1.268871187,7.374635961,44.8,0.35,5.086550687,0.010845053,4.5,0.36,1.789212841,3.253515865,70,0.3,15.18307404,2.169010574,24,0.136,28.08868698,2.711263221,3.1,0.32,109.5932551,2.646001771,44.8,0.35,,,,,,,,,,0.692287093,44.8,0.35,3.22E-13,0.934057413,44.8,0.35,1.241871788,7.217716376,44.8,0.35,3.916888748,0.010614289,4.5,0.36,2.812570344,3.184286637,70,0.3,14.8600043,2.122857748,24,0.136,12.73714656,2.653572197,3.1,0.32,57.28983969,3.047819686,,,145.7687576,2.855333439,,,28.57824501,3.98036883,,,11.32645533,62.5303
1010.49,478.11,580.84,0.676032212,44.8,0.35,4.69E-13,0.920758755,44.8,0.35,1.224190618,6.69642731,44.8,0.35,5.325965451,0.010463168,4.5,0.36,1.726209559,3.138950301,70,0.3,14.59605667,2.009338353,24,0.136,27.23527752,2.615791918,3.1,0.32,104.7490844,2.646004705,44.8,0.35,,,,,,,,,,0.680084971,44.8,0.35,4.10E-13,0.92627863,44.8,0.35,1.231529543,6.736571857,44.8,0.35,5.357894189,0.010525894,4.5,0.36,1.736558048,3.157768058,70,0.3,14.73625094,2.105178702,24,0.136,26.62556797,2.527016644,3.1,0.32,66.94171822,0.179038633,,,147.3063943,2.895272267,,,,,,,,69.7677
1007.51,493.66,584.91,0.677564672,44.8,0.35,4.69E-13,0.913667875,44.8,0.35,1.21476297,7.26781264,44.8,0.35,4.661994145,0.010382589,4.5,0.36,1.857785709,6.655186796,70,0.3,39.81777009,2.595647372,3.1,0.32,104.0295699,2.646000101,44.8,0.35,,,,,,,,,,,,,,0.685550651,44.8,0.35,4.10E-13,0.924436636,44.8,0.35,1.229080528,7.353473243,44.8,0.35,4.026093426,0.596089755,44.8,0.35,0.094758614,0.010504962,4.5,0.36,1.733104735,3.151673466,70,0.3,44.01560491,2.626240444,3.1,0.32,72.18873453,3.115722976,,,144.0707596,2.905726353,,,10.02724215,0.902528034,44.8,0.35,3.961480621,67.5065
1030.56,488.27,555.86,0.724232961,44.8,0.35,4.69E-13,0.975469284,44.8,0.35,1.296930752,7.759414755,44.8,0.35,3.868848269,0.011084878,4.5,0.36,2.93726696,3.879707378,70,0.3,14.9645856,2.216975639,24,0.136,28.7098346,2.771219556,3.1,0.32,112.6157358,2.646000977,44.8,0.35,,,,,,,,,,0.696681347,44.8,0.35,4.10E-13,0.938360018,44.8,0.35,1.247592297,7.464227417,44.8,0.35,3.721667707,0.010663182,4.5,0.36,2.825526056,3.732113708,70,0.3,14.39529573,2.132636391,24,0.136,12.79581845,2.665795506,3.1,0.32,37.94363869,2.331933238,3.1,0.32,5.01699981,3.021370193,,,146.4563657,2.835737813,,,9.799612406,61.8013
1025.28,516.28,563.05,0.594160905,70,0.3,0.108868457,0,70,0.3,3.418469557,3.286241071,70,0.3,25.08487888,2.265841311,24,0.136,145.3182134,2.65717939,44.8,0.35,,,,,,,,,,,,,,,,,,,,,,0.579712843,70,0.3,0.10622113,1.14E-13,0.4,0.4,3.33534349,3.219269247,70,0.3,24.4619573,2.124422605,24,0.136,15.93316954,2.655528256,3.1,0.32,41.69354378,4.643630865,3.1,0.32,8.9588414,3.043442688,,,145.9596963,2.852089031,,,19.98645442,7.005591147,,,1.315797893,2.852088702,,,2.522901162,60.6772
1008.27,521.98,584.53,0.570387982,70,0.3,0.103787521,0,70,0.3,17.56137836,8.566005977,70,0.3,5.749691259,0.525073531,24,0.136,29.97415128,2.594688037,3.1,0.32,106.0101757,2.665392362,44.8,0.35,,,,,,,,,,,,,,,,,,0.577430186,70,0.3,0.105068918,0,0.4,0.4,22.71952989,7.721878658,70,0.3,32.70501088,2.626722938,3.1,0.32,71.59859872,3.114401154,,,144.1778331,2.904744579,,,12.15744233,2.833607464,44.8,0.35,,,,,,,,,,,,,,68.5194
1013.26,530.96,578.45,0.575921742,70,0.3,0.104593673,1.14E-13,0.4,0.4,34.50180943,3.423392584,70,0.3,24.93559527,2.614841817,3.1,0.32,109.0086905,2.677164192,44.8,0.35,,,,,,,,,,,,,,,,,,,,,,0.580273271,70,0.3,0.105383958,1.14E-13,0.4,0.4,5.928633027,4.341559715,70,0.3,20.50192294,2.107679157,24,0.136,28.89210725,2.692045139,3.1,0.32,64.04848131,3.094772242,,,144.8189238,2.88922495,,,,,,,,,,,,,,,,70.4311
1039.66,536.66,545.41,0.61877317,70,0.3,0.113581591,0,70,0.3,6.187519262,3.358989773,70,0.3,23.61931545,2.271631814,24,0.136,17.64750787,15.52866799,3.1,0.32,123.1571543,2.680696404,44.8,0.35,,,,,,,,,,,,,,,,,,0.584281408,70,0.3,0.107250306,0,70,0.3,38.28835922,2.831429659,70,0.3,27.79674562,3.605349799,,,166.5616828,7.2603939,2.291517,0.3,4.459955981,1.377232553,2.291517,0.3,29.27741689,8.168962306,2.3,0.4,0,6.59153056,,,,,,,,,,,,61.9972
1020.14,437.81,567.9,0.694939358,44.8,0.35,4.69E-13,0.946185568,44.8,0.35,1.257996721,6.881349585,44.8,0.35,0.172037689,0.537491664,44.8,0.35,4.763512981,0.010752109,4.5,0.36,1.773878948,3.225632618,70,0.3,155.5142068,2.646008369,44.8,0.35,,,,,,,,,,,,,,0.68479353,44.8,0.35,4.10E-13,0.932371649,44.8,0.35,1.239630488,6.780884723,44.8,0.35,0.16952601,0.530042803,44.8,0.35,4.693569362,0.010595132,4.5,0.36,1.747981048,3.695978558,70,0.3,14.39034959,2.044423363,24,0.136,12.71415886,2.648783095,3.1,0.32,62.226534,3.05878372,,,145.3660359,2.863462926,,,,64.1065
991.96,451.32,603.56,0.552805176,70,0.3,0.100995426,1.14E-13,0.4,0.4,1.110949128,1.716922242,0.4,0.4,5.461169513,3.650189045,24,0.136,1.57353052,3.699478787,,,10.07321392,3.080304132,3.1,0.32,18.45155235,13.0366666,3.1,0.32,101.6828266,2.646002869,44.8,0.35,,,,,,,,,,0.570015559,70,0.3,0.104139698,0,70,0.3,1.145536103,1.770374868,0.4,0.4,1.041397561,1.550578212,24,0.136,10.73379429,2.711744045,70,0.3,43.63453355,2.603492455,3.1,0.32,100.5831001,3.184359143,,,142.2455647,2.956726037,,,17.66120946,0.624194645,44.8,0.35,,,,,,61.8492
988.7,389.25,655.08,1.110472978,2.1,0.32,0,4.263366013,2.5,0.27,17.92183006,1.462012808,,,5.938343034,3.605499401,3.1,0.32,9.342227381,3.65782495,1,0.001,145.4721891,2.646020792,44.8,0.35,,,,,,,,,,,,,,,,,,1.071394306,2.1,0.32,0,4.011260855,2.5,0.27,28.1168502,3.89955375,3.1,0.32,5.653721034,6.004539325,1,0.001,149.9424262,5.053033029,44.8,0.35,21.56868856,3.520652074,44.8,0.35,31.12328529,3.565139862,,,78.89421954,3.568453392,1.15,0.43,0,14.27381357,1.15,0.43,9.644371585,0.07723139,,,75.25187808,53.3236
987.52,411.65,654.79,1.225232058,2.5,0.27,6.23E-13,4.796481408,2.5,0.27,21.75816958,3.615978303,3.1,0.32,12.52003796,2.638557174,1,0.001,27.2720021,3.044348187,1,0.001,114.8480358,2.646001212,44.8,0.35,,,,,,,,,,,,,,,,,,1.18214273,2.5,0.27,6.53E-13,4.531070657,2.5,0.27,24.19832766,3.893446396,3.1,0.32,8.870530592,1.78388725,1,0.001,30.38443505,3.086044741,1,0.001,120.7944782,4.427407099,44.8,0.35,22.01138269,3.524727515,44.8,0.35,31.30077176,3.569920594,,,70.22952275,5.503266172,1.15,0.43,1.62E-07,16.69982325,1.15,0.43,1.614398912,52.2511
990.97,431.69,652.8,1.028302124,2.1,0.32,0,4.148295555,2.5,0.27,11.29297704,3.471929983,3.1,0.32,11.17821525,3.547674519,3.1,0.32,9.186466311,3.699061631,1,0.001,145.3240839,2.646001214,44.8,0.35,,,,,,,,,,,,,,,,,,0.984162376,2.1,0.32,0,3.820617337,2.5,0.27,18.25943748,0.000535222,,,11.40057564,3.917228837,3.1,0.32,3.045095135,3.340951184,1,0.001,165.6133934,10.96462658,44.8,0.35,3.503195602,4.484170642,44.8,0.35,25.59705152,3.542655385,,,53.7555977,4.779126709,1.15,0.43,0,19.83203121,1.15,0.43,115.6772958,53.9795
991.41,450.83,651.96,1.12151803,2.1,0.32,0,4.306963033,2.5,0.27,10.30476427,5.132406259,3.1,0.32,9.70701287,3.531812368,3.1,0.32,9.846225131,3.711066003,1,0.001,144.9728304,2.646000806,44.8,0.35,,,,,,,,,,,,,,,,,,1.066929271,2.1,0.32,0,3.953081081,2.5,0.27,12.307283,0.336387512,3.1,0.32,16.31299329,3.925050202,3.1,0.32,4.281534347,5.079007549,1,0.001,134.4511644,4.280889893,44.8,0.35,38.88130323,4.482237873,44.8,0.35,24.56908844,3.545688824,,,36.5017104,3.742049677,,,0.487964225,17.19473497,1.15,0.43,142.8113615,54.3234
994.52,508.82,647.94,1.125581558,2.1,0.32,0,4.307700083,2.5,0.27,17.67769633,1.387870836,,,9.926613031,1.511334873,,,12.12387555,8.179718699,1,0.001,136.4647366,2.667780955,44.8,0.35,,,,,,,,,,,,,,,,,,1.040766092,2.1,0.32,0,4.280058605,2.5,0.27,20.31868589,1.481824945,,,2.370822556,1.459226725,,,6.623957509,4.152441884,3.1,0.32,0.758640762,0.663207761,3.1,0.32,16.79906102,4.232076722,1,0.001,174.708376,2.862384877,,,48.05549633,3.905482264,1.15,0.43,0,15.62211398,1.15,0.43,150.1153641,55.4285
995.44,527.54,646.42,1.195448941,2.5,0.27,4.25E-13,4.386836541,2.5,0.27,32.98631047,3.978320007,3.1,0.32,14.69615375,5.321651631,1,0.001,127.8794208,4.055258001,44.8,0.35,5.08E-13,2.68618808,44.8,0.35,,,,,,,,,,,,,,,,,,1.097499918,2.1,0.32,0,3.772960347,2.5,0.27,24.1886011,0.667563652,,,16.59144864,4.786315666,3.1,0.32,121.190406,3.246679643,44.8,0.35,60.04023519,3.398938939,,,53.23389921,3.918355154,1.15,0.43,0,15.67342061,1.15,0.43,144.5924201,9.720558853,2.2,0.36,3.246679643,0.019480078,,,,57.8727
986.54,371.23,656.39,1.23180366,2.5,0.27,8.20E-13,4.614410453,2.5,0.27,21.03101779,2.763969103,3.1,0.32,13.87760108,4.459155225,1,0.001,144.1445205,2.646013415,44.8,0.35,,,,,,,,,,,,,,,,,,,,,,1.196791246,2.5,0.27,5.21E-13,4.404289783,2.5,0.27,15.84336814,1.55283742,,,4.83230276,0.191601984,3.1,0.32,14.00092969,3.503306659,1,0.001,149.2408335,3.672585225,44.8,0.35,29.31954432,3.53235324,44.8,0.35,31.71029302,3.5788681,,,71.53430236,3.554842854,,,11.09174597,6.742843997,,,84.23139247,52.7071
984.5,355.1,657.4,1.198175232,2.1,0.32,5.33E-13,4.898334652,2.5,0.27,13.39205115,0.294871341,,,6.471713816,2.883622042,3.1,0.32,13.22252935,3.426965546,1,0.001,28.47993192,3.320602371,1,0.001,113.7853501,2.646014843,44.8,0.35,,,,,,,,,,,,,,1.171489361,2.1,0.32,1.10E-12,4.730626149,2.5,0.27,13.29246679,1.548565973,,,5.321316946,2.827423326,3.1,0.32,13.08274759,2.522018547,1,0.001,31.34129117,3.390787438,1,0.001,115.0089527,3.273811581,44.8,0.35,32.01059217,3.539643123,44.8,0.35,32.16859994,3.587424114,,,65.66214161,3.546514719,1.15,0.43,0,49.7435
982.58,330.24,658.54,1.17473906,2.5,0.27,7.48E-13,1.268804468,2.5,0.27,0.914505295,2.887569618,2.5,0.27,10.85786392,5.824761752,3.1,0.32,3.162749044,3.73544518,3.1,0.32,12.86317514,33.65650555,1,0.001,114.4792591,2.64600842,44.8,0.35,,,,,,,,,,,,,,1.156419023,2.1,0.32,2.54E-13,1.418786505,2.5,0.27,0.69769221,2.836014507,2.5,0.27,10.05522816,5.646928013,3.1,0.32,5.155497446,3.860800869,3.1,0.32,11.09400791,35.61259247,1,0.001,114.6943248,3.008841271,44.8,0.35,36.23535391,3.544589856,44.8,0.35,32.63313193,3.596050592,,,59.79336942,3.538235113,1.15,0.43,0,51.3407
982.67,310.12,658.97,1.186893641,2.1,0.32,1.46E-12,4.90933139,2.5,0.27,1.892144282,3.814709946,1,0.001,5.693165361,4.937868862,3.1,0.32,5.055308073,3.740107229,3.1,0.32,10.97690237,4.528983289,1,0.001,144.459365,2.646003875,44.8,0.35,,,,,,,,,,,,,,1.169678785,2.1,0.32,1.10E-12,4.800730811,2.5,0.27,1.853084542,3.735947613,1,0.001,5.165132458,4.720085755,3.1,0.32,6.916583372,3.858724038,3.1,0.32,9.369677803,4.190850955,1,0.001,146.6678341,2.984147032,44.8,0.35,36.7134222,3.526691203,44.8,0.35,0,4.79881749,44.8,0.35,27.91635363,3.59774841,,,59.05140313,52.0059
980.76,286.33,659.95,1.174594761,2.1,0.32,3.64E-13,0.526373407,2.5,0.27,1.648032159,2.926254783,2.5,0.27,35.41786703,2.522410697,1,0.001,28.4313073,3.08105207,1,0.001,114.8355334,2.646000009,44.8,0.35,,,,,,,,,,,,,,,,,,1.164938325,2.1,0.32,8.12E-13,0.584383606,2.5,0.27,1.571638728,2.882455045,2.5,0.27,35.09590492,2.465526495,1,0.001,29.15063734,3.092418459,1,0.001,114.9265617,2.758881517,44.8,0.35,39.55119623,3.148824193,44.8,0.35,37.52085104,11.21507443,,,29.84980981,3.968528948,,,124.4513987,4.379884442,0.02,0.3,4.675441261,52.1338
981.3,270.76,660.07,1.180364254,2.5,0.27,7.56E-13,4.915061981,2.5,0.27,21.93341756,3.763475027,3.1,0.32,14.36415545,2.613243198,1,0.001,24.4776797,3.0791373,1,0.001,114.2368088,2.664034875,44.8,0.35,,,,,,,,,,,,,,,,,,1.167960068,2.1,0.32,1.15E-12,4.836707197,2.5,0.27,22.66840061,3.849975977,3.1,0.32,13.06510395,2.533698864,1,0.001,25.47705119,3.093881916,1,0.001,114.2659907,2.78122621,44.8,0.35,39.09314695,3.035675407,44.8,0.35,39.7509458,4.405817802,44.8,0.35,163.2102383,10.65515502,0.02,0.3,46.05909134,13.69407309,,,5.656361994,51.915
982.22,250.48,660.13,1.201445519,2.5,0.27,4.44E-13,4.563017665,2.5,0.27,16.11579211,1.519849231,,,7.599246167,3.79962309,3.1,0.32,10.57525398,2.392166056,1,0.001,15.02602112,4.709917544,1,0.001,115.6322766,4.098345807,44.8,0.35,5.57E-13,2.745011501,44.8,0.35,,,,,,,,,,1.194183547,2.5,0.27,5.48E-13,4.519221896,2.5,0.27,16.4698749,1.540898,,,7.704490015,3.852245017,3.1,0.32,10.33280481,1.774975806,1,0.001,16.47514171,3.063167012,1,0.001,116.1470336,4.299267969,44.8,0.35,5.12E-13,2.798556265,44.8,0.35,40.73347151,2.755787711,44.8,0.35,3.86E-13,47.848442,44.8,0.35,161.173678,50.6527
982.32,231.16,660.35,1.196944918,2.1,0.32,1.04E-12,4.335747162,2.5,0.27,18.41561535,1.564136663,,,7.820683313,3.910341657,3.1,0.32,21.76818276,5.557364417,1,0.001,116.4978499,2.819795247,44.8,0.35,,,,,,,,,,,,,,,,,,1.204373957,2.5,0.27,5.80E-13,4.379776879,2.5,0.27,18.00577064,1.540729388,,,7.703646941,3.851823471,3.1,0.32,21.55884761,5.495624653,1,0.001,117.4820452,2.813947178,44.8,0.35,42.54805103,2.746659726,44.8,0.35,150.0339064,2.181601127,,,8.853610867,2.108955691,,,107.6310698,13.68878904,,,9.062546369,50.4002
980.27,209.23,661.16,1.150191489,2.1,0.32,5.80E-13,4.523745904,2.5,0.27,22.52081987,1.909739913,,,10.16782359,5.238075141,3.1,0.32,126.8446134,2.800351544,44.8,0.35,,,,,,,,,,,,,,,,,,,,,,1.179213928,2.1,0.32,5.09E-13,4.704156794,2.5,0.27,20.5765677,1.792418014,,,9.574498714,4.928174466,3.1,0.32,90.41085644,3.555882742,4.5,0.36,4.631614688,3.45927961,4.5,0.36,30.56221821,3.203518465,44.8,0.35,37.78367515,3.431982732,44.8,0.35,260.4402914,4.114413502,,,,,,,,55.2333
979.57,190.62,661.51,1.118859567,2.5,0.27,8.95E-13,4.986757716,2.5,0.27,16.21982789,4.56009561,,,4.523216051,10.50746373,,,1.14E-13,19.97291903,,,10.98761352,0,,,1.783364405,5.35805489,,,1.706708325,0,,,10.35260633,3.092191036,3.1,0.32,28.77606125,2.61433425,4.5,0.36,8.834355587,1.160647752,2.1,0.32,2.34E-13,4.751519198,2.5,0.27,19.5252393,20.75789144,,,3.64E-13,4.851823878,,,1.820028449,4.194603069,,,21.94048661,0,,,1.591961624,6.890938141,,,1.287452309,0,,,4.948386503,3.042126746,3.1,0.32,16.88292032,2.134674572,4.5,0.36,29.70768438,52.6846
972.02,154.06,663.8,1.149137833,2.14,0.34,5.09E-13,1.63E-13,2.1,0.32,0.634678037,2.241345831,2.14,0.34,5.86E-13,2.392646993,2.5,0.27,19.12306226,3.262465902,,,9.587426184,3.618747116,,,24.17077058,3.550427041,,,29.75216708,4.563327581,3.1,0.32,9.725378437,2.704682047,4.5,0.36,17.23368257,1.88614907,4.5,0.36,18.89237828,1.251079053,2.1,0.32,2.27E-13,3.27E-13,2.14,0.34,0.179265597,2.958601038,2.14,0.34,3.42E-13,2.782921321,2.5,0.27,21.52139697,2.970282712,,,50.72909296,4.420185318,,,3.135342858,0,,,8.000824201,0,,,6.376324207,1.600834776,4.5,0.36,50.8698247,1.590023086,4.5,0.36,336.577276,61.7767
979.73,526.91,619.49,2.658031122,,,0.547087767,1.305163677,,,12.62996263,3.745928834,3.1,0.32,13.89112353,0.403954451,1,0.001,125.9820899,4.045242358,44.8,0.35,2.54E-13,2.676798083,44.8,0.35,,,,,,,,,,,,,,,,,,3.324408117,,,0.752476342,1.660157296,,,15.98718457,4.752988111,3.1,0.32,173.6411467,3.398383504,,,64.12177284,3.919042103,1.15,0.43,0,15.67616841,1.15,0.43,134.1410816,8.53935029,2.2,0.36,3.76778273,0.678023129,,,,,,,,,,,,61.3861
